Asset,S/N,"Old COA","New COA",WIN8,Model,CPU,Manufacturer,Added
524507,R90KQWL1,,03307504798644,Activated,"THINKPAD X1 YOGA 1ST GEN",i7-6600U_2.6GHz,Lenovo,"2019-12-06 15:48:24"
283304,33RVM32,,03307504798643,Activated,"Latitude E7450","i7-5600U_2.6 GHz",Lenovo,"2019-12-06 21:45:09"
538482,GF0G2G2,,03307504798652,Activated,"Latitude E7470","i5-6300U_2.4 GHz",Lenovo,"2019-12-09 20:48:49"
283305,3WW6QC2,,03307504798658,Activated,"Latitude E7470",i7-6600U_2.6GHz,Lenovo,"2019-12-09 20:50:00"
295548,1S9QQ72,,03307504798654,Activated,"Latitude E7470",i7-6600U_2.6GHz,Lenovo,"2019-12-09 20:50:38"
283300,59ZBN72,,03307504798650,Activated,"Latitude E7470",i7-6600U_2.6GHz,Lenovo,"2019-12-09 20:51:15"
269478,1X9CW12,00186251625742,03307504798651,,"OptiPlex 9020",i5-4670_3.4GHz,Dell,"2019-12-09 20:52:12"
536658,7B7SN02,,03307504798685,Activated,"OptiPlex 9020","i5-4570_3.2 GHz",Dell,"2019-12-09 20:52:39"
520787,PC02NNM1,,03307504798639,Activated,"THINKPAD T440","i5-4300U_1.9 GHz",Lenovo,"2019-12-10 16:29:28"
527915,PC0MC1CK,,03307504798630,Activated,,"i5-6300U_2.4 GHz",Lenovo,"2019-12-10 16:30:12"
524166,BM63TW1,00186209012726,03307504798631,,"OptiPlex 7010","i3-3220_3.3 GHz",Dell,"2019-12-10 17:53:46"
524166,BM63TW1,00186209012726,03307504798631,,"OptiPlex 7010","i3-3220_3.3 GHz",Dell,"2019-12-10 18:31:29"
545372,048206164853,,,Activated,"Surface Pro 4","i5-6300U_2.4 GHz",Microsoft,"2019-12-10 19:44:54"
545390,023183464853,,,Activated,"Surface Pro 4","i5-6300U_2.4 GHz",Microsoft,"2019-12-10 19:45:38"
545243,018047163253,,,Activated,"Surface Pro 4","i5-6300U_2.4 GHz",Microsoft,"2019-12-10 19:52:03"
545239,040348261853,,,Activated,"Surface Pro 4","i5-6300U_2.4 GHz",Microsoft,"2019-12-10 19:55:30"
545361,026318161853,,,Activated,"Surface Pro 4","i5-6300U_2.4 GHz",Microsoft,"2019-12-10 19:58:31"
545378,073733561853,,,Activated,"Surface Pro 4","i5-6300U_2.4 GHz",Microsoft,"2019-12-10 20:03:31"
545241,038031654153,,,Activated,"Surface Pro 4","i5-6300U_2.4 GHz",Microsoft,"2019-12-10 20:04:41"
545412,015646663253,,,Activated,"Surface Pro 4","i5-6300U_2.4 GHz",Microsoft,"2019-12-10 20:09:25"
545206,022885361853,,,Activated,"Surface Pro 4","i5-6300U_2.4 GHz",Microsoft,"2019-12-10 20:10:28"
545386,037346554053,,,Activated,"Surface Pro 4","i5-6300U_2.4 GHz",Microsoft,"2019-12-10 20:17:15"
545213,022727154153,,,Activated,"Surface Pro 4","i5-6300U_2.4 GHz",Microsoft,"2019-12-10 20:18:12"
545346,032050454053,,,Activated,"Surface Pro 4","i5-6300U_2.4 GHz",Microsoft,"2019-12-10 20:22:57"
545208,040662361853,,,Activated,"Surface Pro 4","i5-6300U_2.4 GHz",Microsoft,"2019-12-10 20:26:43"
545240,026192161853,,,Activated,"Surface Pro 4","i5-6300U_2.4 GHz",Microsoft,"2019-12-10 20:28:02"
545412,015646663253,,,Activated,"Surface Pro 4","i5-6300U_2.4 GHz",Microsoft,"2019-12-10 20:29:26"
545197,037230654053,,,Activated,"Surface Pro 4","i5-6300U_2.4 GHz",Microsoft,"2019-12-10 20:29:32"
545392,022500554153,,,Activated,"Surface Pro 4","i5-6300U_2.4 GHz",Microsoft,"2019-12-10 20:29:42"
545375,002348462753,,,Activated,"Surface Pro 4","i5-6300U_2.4 GHz",Microsoft,"2019-12-10 20:33:34"
545205,078136361853,,,Activated,"Surface Pro 4","i5-6300U_2.4 GHz",Microsoft,"2019-12-10 20:36:09"
545209,037972764853,,,Activated,"Surface Pro 4","i5-6300U_2.4 GHz",Microsoft,"2019-12-10 20:40:16"
545401,047857464853,,,Activated,"Surface Pro 4","i5-6300U_2.4 GHz",Microsoft,"2019-12-10 20:43:33"
545403,061952561853,,,Activated,"Surface Pro 4","i5-6300U_2.4 GHz",Microsoft,"2019-12-10 20:45:34"
545397,047725364853,,,Activated,"Surface Pro 4","i5-6300U_2.4 GHz",Microsoft,"2019-12-10 20:45:58"
545207,057863661853,,,Activated,"Surface Pro 4","i5-6300U_2.4 GHz",Microsoft,"2019-12-10 20:45:59"
547129,057642461853,,,Activated,"Surface Pro 4","i5-6300U_2.4 GHz",Microsoft,"2019-12-10 20:47:11"
547129,057642461853,,,Activated,"Surface Pro 4","i5-6300U_2.4 GHz",Microsoft,"2019-12-10 20:58:48"
547129,057642461853,,,Activated,"Surface Pro 4","i5-6300U_2.4 GHz",Microsoft,"2019-12-10 21:06:32"
545369,029299464853,,,Activated,"Surface Pro 4","i5-6300U_2.4 GHz",Microsoft,"2019-12-10 21:08:02"
545382,034363254053,,,Activated,"Surface Pro 4","i5-6300U_2.4 GHz",Microsoft,"2019-12-10 21:08:31"
545382,034363254053,,,Activated,"Surface Pro 4","i5-6300U_2.4 GHz",Microsoft,"2019-12-10 21:08:38"
545395,029113564853,,,Activated,"Surface Pro 4","i5-6300U_2.4 GHz",Microsoft,"2019-12-10 21:15:40"
545382,034363254053,,,Activated,"Surface Pro 4","i5-6300U_2.4 GHz",Microsoft,"2019-12-10 21:16:31"
545244,022893462753,,,Activated,"Surface Pro 4","i5-6300U_2.4 GHz",Microsoft,"2019-12-10 21:19:33"
545336,022999462753,,,Activated,"Surface Pro 4","i5-6300U_2.4 GHz",Microsoft,"2019-12-10 21:28:01"
545334,023929361853,,,Activated,"Surface Pro 4","i5-6300U_2.4 GHz",Microsoft,"2019-12-10 21:36:40"
545399,032110754053,,,Activated,"Surface Pro 4","i5-6300U_2.4 GHz",Microsoft,"2019-12-10 21:40:25"
545387,058218461853,,,Activated,"Surface Pro 4","i5-6300U_2.4 GHz",Microsoft,"2019-12-10 21:45:19"
545394,020805661853,,,Activated,"Surface Pro 4","i5-6300U_2.4 GHz",Microsoft,"2019-12-10 21:51:04"
545406,057689761853,,,Activated,"Surface Pro 4","i5-6300U_2.4 GHz",Microsoft,"2019-12-10 21:56:15"
545356,073884561853,,,Activated,"Surface Pro 4","i5-6300U_2.4 GHz",Microsoft,"2019-12-10 22:00:07"
545344,022556154153,,,Activated,"Surface Pro 4","i5-6300U_2.4 GHz",Microsoft,"2019-12-10 22:07:40"
545305,055384362453,,,Activated,"Surface Pro 4","i5-6300U_2.4 GHz",Microsoft,"2019-12-10 22:12:24"
545357,036937754153,,,Activated,"Surface Pro 4","i5-6300U_2.4 GHz",Microsoft,"2019-12-10 22:17:05"
545355,032234754053,,,Activated,"Surface Pro 4","i5-6300U_2.4 GHz",Microsoft,"2019-12-10 22:19:39"
545341,073890161853,,,Activated,"Surface Pro 4","i5-6300U_2.4 GHz",Microsoft,"2019-12-11 14:14:35"
545341,073890161853,,,Activated,"Surface Pro 4","i5-6300U_2.4 GHz",Microsoft,"2019-12-11 14:28:43"
545371,013540163253,,,Activated,"Surface Pro 4","i5-6300U_2.4 GHz",Microsoft,"2019-12-11 14:31:25"
545354,070689554153,,,Activated,"Surface Pro 4","i5-6300U_2.4 GHz",Microsoft,"2019-12-11 14:31:33"
545204,025278461853,,,Activated,"Surface Pro 4","i5-6300U_2.4 GHz",Microsoft,"2019-12-11 14:55:15"
545304,024927463253,,,Activated,"Surface Pro 4","i5-6300U_2.4 GHz",Microsoft,"2019-12-11 15:14:11"
545302,037959254153,,,Activated,"Surface Pro 4","i5-6300U_2.4 GHz",Microsoft,"2019-12-11 15:29:30"
545371,013540163253,,,Activated,"Surface Pro 4","i5-6300U_2.4 GHz",Microsoft,"2019-12-11 15:33:46"
545341,073890161853,,,Activated,"Surface Pro 4","i5-6300U_2.4 GHz",Microsoft,"2019-12-11 15:34:08"
545359,039058354053,,,Activated,"Surface Pro 4","i5-6300U_2.4 GHz",Microsoft,"2019-12-11 15:35:02"
545359,039058354053,,,Activated,"Surface Pro 4","i5-6300U_2.4 GHz",Microsoft,"2019-12-11 15:35:07"
545237,022639654153,,,Activated,"Surface Pro 4","i5-6300U_2.4 GHz",Microsoft,"2019-12-11 15:35:26"
545410,037482454053,,,Activated,"Surface Pro 4","i5-6300U_2.4 GHz",Microsoft,"2019-12-11 15:36:03"
545410,037482454053,,,Activated,"Surface Pro 4","i5-6300U_2.4 GHz",Microsoft,"2019-12-11 15:36:11"
545338,057652361853,,,Activated,"Surface Pro 4","i5-6300U_2.4 GHz",Microsoft,"2019-12-11 15:36:21"
545338,057652361853,,,Activated,"Surface Pro 4","i5-6300U_2.4 GHz",Microsoft,"2019-12-11 15:36:33"
545230,015622563253,,,Activated,"Surface Pro 4","i5-6300U_2.4 GHz",Microsoft,"2019-12-11 15:36:54"
545297,028215354053,,,Activated,"Surface Pro 4","i5-6300U_2.4 GHz",Microsoft,"2019-12-11 15:48:03"
545230,015622563253,,,Activated,"Surface Pro 4","i5-6300U_2.4 GHz",Microsoft,"2019-12-11 15:55:15"
545234,022861261853,,,Activated,"Surface Pro 4","i5-6300U_2.4 GHz",Microsoft,"2019-12-11 15:55:53"
545234,022861261853,,,Activated,"Surface Pro 4","i5-6300U_2.4 GHz",Microsoft,"2019-12-11 16:19:09"
545234,022861261853,,,Activated,"Surface Pro 4","i5-6300U_2.4 GHz",Microsoft,"2019-12-11 16:19:25"
545343,036770554153,,,Activated,"Surface Pro 4","i5-6300U_2.4 GHz",Microsoft,"2019-12-11 16:23:45"
545236,026361361853,,,Activated,"Surface Pro 4","i5-6300U_2.4 GHz",Microsoft,"2019-12-11 16:25:41"
545235,066399262153,,,Activated,"Surface Pro 4","i5-6300U_2.4 GHz",Microsoft,"2019-12-11 16:32:08"
545236,026361361853,,,Activated,"Surface Pro 4","i5-6300U_2.4 GHz",Microsoft,"2019-12-11 16:36:15"
545408,057601261853,,,Activated,"Surface Pro 4","i5-6300U_2.4 GHz",Microsoft,"2019-12-11 16:39:25"
545232,031521254053,,,Activated,"Surface Pro 4","i5-6300U_2.4 GHz",Microsoft,"2019-12-11 16:46:10"
545233,073789161853,,,Activated,"Surface Pro 4","i5-6300U_2.4 GHz",Microsoft,"2019-12-11 16:46:31"
545236,026361361853,,,Activated,"Surface Pro 4","i5-6300U_2.4 GHz",Microsoft,"2019-12-11 16:46:33"
545294,061076150453,,,Activated,"Surface Pro 3","i5-4300U_1.9 GHz",Microsoft,"2019-12-11 16:50:25"
545400,022984362753,,,Activated,,,Microsoft,"2019-12-11 16:57:55"
545400,022984362753,,,Activated,,,Microsoft,"2019-12-11 16:58:05"
545400,022984362753,,,Activated,,,Microsoft,"2019-12-11 16:58:05"
545400,022984362753,,,Activated,,,Microsoft,"2019-12-11 16:58:05"
545400,022984362753,,,Activated,,,Microsoft,"2019-12-11 16:58:05"
545400,022984362753,,,Activated,,,Microsoft,"2019-12-11 16:58:05"
545400,022984362753,,,Activated,,,Microsoft,"2019-12-11 16:58:05"
545400,022984362753,,,Activated,,,Microsoft,"2019-12-11 16:58:05"
545307,037514154053,,,Activated,"Surface Pro 4","i5-6300U_2.4 GHz",Microsoft,"2019-12-11 16:58:36"
545333,031281654053,,,Activated,"Surface Pro 4","i5-6300U_2.4 GHz",Microsoft,"2019-12-11 16:58:36"
545301,047283464853,,,Activated,"Surface Pro 4","i5-6300U_2.4 GHz",Microsoft,"2019-12-11 17:08:49"
545301,047283464853,,,Activated,"Surface Pro 4","i5-6300U_2.4 GHz",Microsoft,"2019-12-11 17:09:11"
545228,072813761853,,,Activated,"Surface Pro 4","i5-6300U_2.4 GHz",Microsoft,"2019-12-11 17:11:53"
545216,030192654053,,,Activated,"Surface Pro 4","i5-6300U_2.4 GHz",Microsoft,"2019-12-11 17:18:16"
545364,048168164853,,,Activated,"Surface Pro 4","i5-6300U_2.4 GHz",Microsoft,"2019-12-11 17:18:27"
545203,015638563253,,,Activated,"Surface Pro 4","i5-6300U_2.4 GHz",Microsoft,"2019-12-11 17:18:47"
545363,026291161853,,,Activated,"Surface Pro 4","i5-6300U_2.4 GHz",Microsoft,"2019-12-11 17:19:30"
545340,030002254053,,,Activated,"Surface Pro 4","i5-6300U_2.4 GHz",Microsoft,"2019-12-11 17:23:17"
545222,073901161853,,,Activated,"Surface Pro 4","i5-6300U_2.4 GHz",Microsoft,"2019-12-11 17:26:54"
545306,013221562753,,,Activated,"Surface Pro 4","i5-6300U_2.4 GHz",Microsoft,"2019-12-11 17:27:01"
545363,026291161853,,,Activated,"Surface Pro 4","i5-6300U_2.4 GHz",Microsoft,"2019-12-11 17:29:40"
545367,034645663153,,,Activated,"Surface Pro 4","i5-6300U_2.4 GHz",Microsoft,"2019-12-11 17:30:26"
545212,025877654153,,,Activated,"Surface Pro 4","i5-6300U_2.4 GHz",Microsoft,"2019-12-11 17:32:20"
545366,032280654053,,,Activated,"Surface Pro 4","i5-6300U_2.4 GHz",Microsoft,"2019-12-11 17:34:38"
545292,028206354053,,,Activated,"Surface Pro 4","i5-6300U_2.4 GHz",Microsoft,"2019-12-11 17:38:30"
545211,043269464853,,,Activated,"Surface Pro 4","i5-6300U_2.4 GHz",Microsoft,"2019-12-11 17:42:11"
545238,037168354053,,,Activated,"Surface Pro 4","i5-6300U_2.4 GHz",Microsoft,"2019-12-11 17:42:11"
545238,037168354053,,,Activated,"Surface Pro 4","i5-6300U_2.4 GHz",Microsoft,"2019-12-11 17:42:21"
545224,040695461853,,,Activated,"Surface Pro 4","i5-6300U_2.4 GHz",Microsoft,"2019-12-11 17:44:45"
545221,042050354053,,,Activated,"Surface Pro 4","i5-6300U_2.4 GHz",Microsoft,"2019-12-11 17:45:08"
545221,042050354053,,,Activated,"Surface Pro 4","i5-6300U_2.4 GHz",Microsoft,"2019-12-11 17:45:29"
545367,034645663153,,,Activated,"Surface Pro 4","i5-6300U_2.4 GHz",Microsoft,"2019-12-11 17:48:06"
545225,022620254153,,,Activated,"Surface Pro 4","i5-6300U_2.4 GHz",Microsoft,"2019-12-11 17:52:54"
545310,006387461853,,,Activated,"Surface Pro 4","i5-6300U_2.4 GHz",Microsoft,"2019-12-11 17:53:29"
545202,015686263253,,,Activated,"Surface Pro 4","i5-6300U_2.4 GHz",Microsoft,"2019-12-11 17:56:48"
547131,036757754353,,,Activated,"Surface Pro 4","i5-6300U_2.4 GHz",Microsoft,"2019-12-11 18:01:45"
547131,036757754353,,,Activated,"Surface Pro 4","i5-6300U_2.4 GHz",Microsoft,"2019-12-11 18:01:57"
545195,014302462353,,,Activated,"Surface Pro 4","i5-6300U_2.4 GHz",Microsoft,"2019-12-11 18:06:21"
545202,015686263253,,,Activated,"Surface Pro 4","i5-6300U_2.4 GHz",Microsoft,"2019-12-11 18:07:52"
545337,023024362753,,,Activated,"Surface Pro 4","i5-6300U_2.4 GHz",Microsoft,"2019-12-11 18:09:32"
545362,040595561853,,,Activated,"Surface Pro 4","i5-6300U_2.4 GHz",Microsoft,"2019-12-11 18:10:47"
545362,040595561853,,,Activated,"Surface Pro 4","i5-6300U_2.4 GHz",Microsoft,"2019-12-11 18:10:53"
545409,026166761853,,,Activated,"Surface Pro 4","i5-6300U_2.4 GHz",Microsoft,"2019-12-11 18:16:42"
545409,026166761853,,,Activated,"Surface Pro 4","i5-6300U_2.4 GHz",Microsoft,"2019-12-11 18:16:50"
545332,014020754353,,,Activated,"Surface Pro 4","i5-6300U_2.4 GHz",Microsoft,"2019-12-11 18:17:24"
545309,057751361853,,,Activated,"Surface Pro 4","i5-6300U_2.4 GHz",Microsoft,"2019-12-11 18:19:49"
545309,057751361853,,,Activated,"Surface Pro 4","i5-6300U_2.4 GHz",Microsoft,"2019-12-11 18:19:57"
545264,000710664757,,,Activated,"Surface Book","i5-6300U_2.4 GHz",Microsoft,"2019-12-11 18:25:43"
545309,057751361853,,,Activated,"Surface Pro 4","i5-6300U_2.4 GHz",Microsoft,"2019-12-11 18:26:05"
545267,003530364457,,,Activated,"Surface Book","i5-6300U_2.4 GHz",Microsoft,"2019-12-11 18:28:35"
545192,001506264757,,,Activated,"Surface Book","i5-6300U_2.4 GHz",Microsoft,"2019-12-11 18:30:23"
545194,003621264457,,,Activated,"Surface Book","i5-6300U_2.4 GHz",Microsoft,"2019-12-11 18:41:23"
545285,026317272557,,,Activated,"Surface Book","i5-6300U_2.4 GHz",Microsoft,"2019-12-11 18:46:09"
545266,003627364457,,,Activated,"Surface Book","i5-6300U_2.4 GHz",Microsoft,"2019-12-11 18:51:13"
545423,001250663757,,,Activated,"Surface Book","i5-6300U_2.4 GHz",Microsoft,"2019-12-11 18:55:43"
545438,004271763657,,,Activated,"Surface Book","i5-6300U_2.4 GHz",Microsoft,"2019-12-11 19:00:13"
545191,010272272557,,,Activated,"Surface Book","i5-6300U_2.4 GHz",Microsoft,"2019-12-11 19:13:16"
545437,000680764757,,,Activated,"Surface Book","i5-6300U_2.4 GHz",Microsoft,"2019-12-11 19:27:07"
545422,013668464657,,,Activated,"Surface Book","i5-6300U_2.4 GHz",Microsoft,"2019-12-11 19:34:05"
545247,003587564457,,,Activated,"Surface Book","i5-6300U_2.4 GHz",Microsoft,"2019-12-11 19:39:10"
545266,003627364457,,,Activated,"Surface Book","i5-6300U_2.4 GHz",Microsoft,"2019-12-11 19:40:47"
545421,001566362857,,,Activated,"Surface Book","i5-6300U_2.4 GHz",Microsoft,"2019-12-11 19:42:56"
545269,000669764757,,,Activated,"Surface Book","i5-6300U_2.4 GHz",Microsoft,"2019-12-11 19:54:29"
545421,001566362857,,,Activated,"Surface Book","i5-6300U_2.4 GHz",Microsoft,"2019-12-11 19:59:15"
545261,008750164357,,,Activated,"Surface Book","i5-6300U_2.4 GHz",Microsoft,"2019-12-11 20:14:49"
545250,003470764457,,,Activated,"Surface Book","i5-6300U_2.4 GHz",Microsoft,"2019-12-11 20:20:44"
545451,001334363757,,,Activated,"Surface Book","i5-6300U_2.4 GHz",Microsoft,"2019-12-11 20:25:11"
545451,001334363757,,,Activated,"Surface Book","i5-6300U_2.4 GHz",Microsoft,"2019-12-11 20:27:28"
545427,001274763757,,,Activated,"Surface Book","i5-6300U_2.4 GHz",Microsoft,"2019-12-11 20:28:08"
545427,001274763757,,,Activated,"Surface Book","i5-6300U_2.4 GHz",Microsoft,"2019-12-11 20:28:16"
545462,000833764757,,,Activated,"Surface Book","i5-6300U_2.4 GHz",Microsoft,"2019-12-11 20:35:46"
545425,001664464757,,,Activated,"Surface Book","i5-6300U_2.4 GHz",Microsoft,"2019-12-11 20:39:00"
545427,001274763757,,,Activated,"Surface Book","i5-6300U_2.4 GHz",Microsoft,"2019-12-11 20:45:37"
545427,001274763757,,,Activated,"Surface Book","i5-6300U_2.4 GHz",Microsoft,"2019-12-11 20:45:59"
545427,001274763757,,,Activated,"Surface Book","i5-6300U_2.4 GHz",Microsoft,"2019-12-11 20:46:08"
545427,001274763757,,,Activated,"Surface Book","i5-6300U_2.4 GHz",Microsoft,"2019-12-11 20:46:10"
545331,000260664757,,,Activated,"Surface Book","i5-6300U_2.4 GHz",Microsoft,"2019-12-11 20:48:13"
545331,000260664757,,,Activated,"Surface Book","i5-6300U_2.4 GHz",Microsoft,"2019-12-11 20:48:16"
545326,026298172557,,,Activated,"Surface Book","i5-6300U_2.4 GHz",Microsoft,"2019-12-11 21:06:25"
545405,023041462753,,,Activated,"Surface Pro 4","i5-6300U_2.4 GHz",Microsoft,"2019-12-11 21:27:36"
545189,001430664757,,,Activated,"Surface Book","i5-6300U_2.4 GHz",Microsoft,"2019-12-11 21:36:12"
545331,000260664757,,,Activated,"Surface Book","i5-6300U_2.4 GHz",Microsoft,"2019-12-11 21:42:28"
545190,001863364757,,,Activated,"Surface Book","i5-6300U_2.4 GHz",Microsoft,"2019-12-11 21:43:08"
545263,026494372557,,,Activated,"Surface Book","i5-6300U_2.4 GHz",Microsoft,"2019-12-11 21:44:14"
545263,026494372557,,,Activated,"Surface Book","i5-6300U_2.4 GHz",Microsoft,"2019-12-11 21:44:28"
545193,010196463657,,,Activated,"Surface Book","i5-6300U_2.4 GHz",Microsoft,"2019-12-11 21:54:22"
545190,001863364757,,,Activated,"Surface Book","i5-6300U_2.4 GHz",Microsoft,"2019-12-11 22:05:34"
545262,012662464657,,,Activated,"Surface Book","i5-6300U_2.4 GHz",Microsoft,"2019-12-11 22:07:46"
545188,009344164357,,,Activated,"Surface Book","i5-6300U_2.4 GHz",Microsoft,"2019-12-11 22:11:26"
545252,007399764357,,,Activated,"Surface Book","i5-6300U_2.4 GHz",Microsoft,"2019-12-11 22:12:19"
545385,031747654053,,,Activated,"Surface Pro 4","i5-6300U_2.4 GHz",Microsoft,"2019-12-12 14:37:53"
545199,078279261853,,,Activated,"Surface Pro 4","i5-6300U_2.4 GHz",Microsoft,"2019-12-12 14:40:07"
545199,078279261853,,,Activated,"Surface Pro 4","i5-6300U_2.4 GHz",Microsoft,"2019-12-12 14:41:12"
545349,042061154053,,,Activated,"Surface Pro 4","i5-6300U_2.4 GHz",Microsoft,"2019-12-12 14:41:21"
545242,067720661853,,,Activated,"Surface Pro 4","i5-6300U_2.4 GHz",Microsoft,"2019-12-12 14:41:35"
545411,031274454053,,,Activated,"Surface Pro 4","i5-6300U_2.4 GHz",Microsoft,"2019-12-12 14:41:50"
545411,031274454053,,,Activated,"Surface Pro 4","i5-6300U_2.4 GHz",Microsoft,"2019-12-12 14:41:59"
545374,028385254053,,,Activated,"Surface Pro 4","i5-6300U_2.4 GHz",Microsoft,"2019-12-12 14:42:08"
545411,031274454053,,,Activated,"Surface Pro 4","i5-6300U_2.4 GHz",Microsoft,"2019-12-12 14:42:18"
545242,067720661853,,,Activated,"Surface Pro 4","i5-6300U_2.4 GHz",Microsoft,"2019-12-12 14:42:29"
545349,042061154053,,,Activated,"Surface Pro 4","i5-6300U_2.4 GHz",Microsoft,"2019-12-12 14:42:38"
545415,000484564757,,,Activated,"Surface Book","i5-6300U_2.4 GHz",Microsoft,"2019-12-12 14:55:05"
545265,026376472557,,,Activated,"Surface Book","i5-6300U_2.4 GHz",Microsoft,"2019-12-12 14:55:22"
545286,003356464457,,,Activated,"Surface Book","i5-6300U_2.4 GHz",Microsoft,"2019-12-12 14:55:42"
545286,003356464457,,,Activated,"Surface Book","i5-6300U_2.4 GHz",Microsoft,"2019-12-12 14:55:55"
545245,003665164457,,,Activated,"Surface Book","i5-6300U_2.4 GHz",Microsoft,"2019-12-12 14:56:05"
545185,013766564657,,,Activated,"Surface Book","i5-6300U_2.4 GHz",Microsoft,"2019-12-12 14:56:20"
545329,003650764457,,,Activated,"Surface Book","i5-6300U_2.4 GHz",Microsoft,"2019-12-12 14:56:37"
545444,000777764757,,,Activated,"Surface Book","i5-6300U_2.4 GHz",Microsoft,"2019-12-12 14:56:54"
545453,010748163657,,,Activated,"Surface Book","i5-6300U_2.4 GHz",Microsoft,"2019-12-12 14:57:11"
545439,010197363657,,,Activated,"Surface Book","i5-6300U_2.4 GHz",Microsoft,"2019-12-12 14:57:55"
545441,029698172557,,,Activated,"Surface Book","i5-6300U_2.4 GHz",Microsoft,"2019-12-12 14:58:11"
545445,001686764757,,,Activated,"Surface Book","i5-6300U_2.4 GHz",Microsoft,"2019-12-12 14:58:28"
545275,010184763657,,,Activated,"Surface Book","i5-6300U_2.4 GHz",Microsoft,"2019-12-12 14:58:44"
545455,000775264757,,,Activated,"Surface Book","i5-6300U_2.4 GHz",Microsoft,"2019-12-12 14:59:07"
545324,001555564857,,,Activated,"Surface Book","i5-6300U_2.4 GHz",Microsoft,"2019-12-12 14:59:25"
545325,010284672557,,,Activated,"Surface Book","i5-6300U_2.4 GHz",Microsoft,"2019-12-12 14:59:43"
545325,010284672557,,,Activated,"Surface Book","i5-6300U_2.4 GHz",Microsoft,"2019-12-12 15:00:02"
545272,029725372557,,,Activated,"Surface Book","i5-6300U_2.4 GHz",Microsoft,"2019-12-12 15:00:20"
545183,000650364757,,,Activated,"Surface Book","i5-6300U_2.4 GHz",Microsoft,"2019-12-12 15:00:45"
545461,001692364757,,,Activated,"Surface Book","i5-6300U_2.4 GHz",Microsoft,"2019-12-12 15:01:11"
545186,025903272557,,,Activated,"Surface Book","i5-6300U_2.4 GHz",Microsoft,"2019-12-12 15:01:31"
545342,028756754053,,,Activated,"Surface Pro 4","i5-6300U_2.4 GHz",Microsoft,"2019-12-12 16:09:19"
545342,028756754053,,,Activated,"Surface Pro 4","i5-6300U_2.4 GHz",Microsoft,"2019-12-12 16:09:29"
545303,017348562753,,,Activated,"Surface Pro 4","i5-6300U_2.4 GHz",Microsoft,"2019-12-12 16:09:50"
545303,017348562753,,,Activated,"Surface Pro 4","i5-6300U_2.4 GHz",Microsoft,"2019-12-12 16:09:58"
545345,024758254153,,,Activated,"Surface Pro 4","i5-6300U_2.4 GHz",Microsoft,"2019-12-12 16:10:06"
545231,049996560253,,,Activated,"Surface Pro 4","i5-6300U_2.4 GHz",Microsoft,"2019-12-12 16:10:21"
545231,049996560253,,,Activated,"Surface Pro 4","i5-6300U_2.4 GHz",Microsoft,"2019-12-12 16:10:43"
545312,032363454153,,,Activated,"Surface Pro 4","i5-6300U_2.4 GHz",Microsoft,"2019-12-12 16:57:38"
545324,001555564857,,,Activated,"Surface Book","i5-6300U_2.4 GHz",Microsoft,"2019-12-12 17:01:44"
545274,012960364857,,,Activated,"Surface Book","i5-6300U_2.4 GHz",Microsoft,"2019-12-12 17:02:20"
545434,013784564657,,,Activated,"Surface Book","i5-6300U_2.4 GHz",Microsoft,"2019-12-12 17:02:37"
545435,003608464457,,,Activated,"Surface Book","i5-6300U_2.4 GHz",Microsoft,"2019-12-12 17:03:01"
545280,009351364357,,,Activated,"Surface Book","i5-6300U_2.4 GHz",Microsoft,"2019-12-12 17:03:17"
545328,026018472557,,,Activated,"Surface Book","i5-6300U_2.4 GHz",Microsoft,"2019-12-12 17:03:52"
545259,010188372557,,,Activated,"Surface Book","i5-6300U_2.4 GHz",Microsoft,"2019-12-12 17:04:15"
545256,009228764357,,,Activated,"Surface Book","i5-6300U_2.4 GHz",Microsoft,"2019-12-12 17:04:35"
545413,013728764657,,,Activated,"Surface Book","i5-6300U_2.4 GHz",Microsoft,"2019-12-12 17:04:53"
545282,003659564457,,,Activated,"Surface Book","i5-6300U_2.4 GHz",Microsoft,"2019-12-12 17:05:19"
545414,001324463757,,,Activated,"Surface Book","i5-6300U_2.4 GHz",Microsoft,"2019-12-12 17:05:36"
545281,010291172557,,,Activated,"Surface Book","i5-6300U_2.4 GHz",Microsoft,"2019-12-12 17:05:52"
545281,010291172557,,,Activated,"Surface Book","i5-6300U_2.4 GHz",Microsoft,"2019-12-12 17:06:01"
545279,000796664757,,,Activated,"Surface Book","i5-6300U_2.4 GHz",Microsoft,"2019-12-12 17:06:13"
545278,003407764457,,,Activated,"Surface Book","i5-6300U_2.4 GHz",Microsoft,"2019-12-12 17:06:31"
545277,006794264357,,,Activated,"Surface Book","i5-6300U_2.4 GHz",Microsoft,"2019-12-12 17:06:48"
545284,003603264457,,,Activated,"Surface Book","i5-6300U_2.4 GHz",Microsoft,"2019-12-12 17:07:12"
545360,034767154053,,,Activated,"Surface Pro 4","i5-6300U_2.4 GHz",Microsoft,"2019-12-12 18:33:38"
545360,034767154053,,,Activated,"Surface Pro 4","i5-6300U_2.4 GHz",Microsoft,"2019-12-12 18:33:38"
545360,034767154053,,,Activated,"Surface Pro 4","i5-6300U_2.4 GHz",Microsoft,"2019-12-12 18:33:38"
545360,034767154053,,,Activated,"Surface Pro 4","i5-6300U_2.4 GHz",Microsoft,"2019-12-12 18:33:38"
545360,034767154053,,,Activated,"Surface Pro 4","i5-6300U_2.4 GHz",Microsoft,"2019-12-12 18:33:39"
545360,034767154053,,,Activated,"Surface Pro 4","i5-6300U_2.4 GHz",Microsoft,"2019-12-12 18:33:39"
545360,034767154053,,,Activated,"Surface Pro 4","i5-6300U_2.4 GHz",Microsoft,"2019-12-12 18:33:39"
545360,034767154053,,,Activated,"Surface Pro 4","i5-6300U_2.4 GHz",Microsoft,"2019-12-12 18:33:41"
545360,034767154053,,,Activated,"Surface Pro 4","i5-6300U_2.4 GHz",Microsoft,"2019-12-12 18:33:42"
518547,PC009WV3,,03307504798653,Activated,"THINKPAD T440","i5-4300U_1.9 GHz",Lenovo,"2019-12-12 18:39:41"
518561,PF02XCJH,,03307504798655,Activated,"THINKPAD T440","i5-4300U_1.9 GHz",Lenovo,"2019-12-12 18:40:18"
518610,PC01U2D4,,03307504798656,Activated,"THINKPAD T440","i5-4300U_1.9 GHz",Lenovo,"2019-12-12 18:53:22"
518547,PC009WV3,,03307504798653,Activated,"THINKPAD T440","i5-4300U_1.9 GHz",Lenovo,"2019-12-12 18:56:00"
518586,PC01U1L0,,03307504798633,Activated,"THINKPAD T440","i5-4300U_1.9 GHz",Lenovo,"2019-12-12 18:56:19"
518611,PC00LZDG,,03307504798632,Activated,"THINKPAD T440","i5-4300U_1.9 GHz",Lenovo,"2019-12-12 19:03:33"
199772,PC0067RJ,,03307504798657,Activated,"THINKPAD T440",i5-4300U_1.9GHz,Lenovo,"2019-12-12 19:06:06"
199770,PF01AUUA,,03307504798634,Activated,"THINKPAD T440",i5-4300U_1.9GHz,Lenovo,"2019-12-12 19:12:19"
198890,PC01J78P,,03307504798638,Activated,"THINKPAD T440",i5-4300U_1.9GHz,Lenovo,"2019-12-12 19:16:44"
199770,PF01AUUA,,03307504798635,Activated,"THINKPAD T440",i5-4300U_1.9GHz,Lenovo,"2019-12-12 19:16:57"
518612,PF0262X6,,03307504798636,Activated,"THINKPAD T440","i5-4300U_1.9 GHz",Lenovo,"2019-12-12 19:19:30"
536661,,,03307504798637,Activated,,,,"2019-12-12 19:42:31"
545431,000803364757,,,Activated,"Surface Book","i5-6300U_2.4 GHz",Microsoft,"2019-12-12 20:36:20"
545418,001870564757,,,Activated,"Surface Book","i5-6300U_2.4 GHz",Microsoft,"2019-12-12 21:13:06"
545258,010978363657,,,Activated,"Surface Book","i5-6300U_2.4 GHz",Microsoft,"2019-12-12 21:22:33"
545258,010978363657,,,Activated,"Surface Book","i5-6300U_2.4 GHz",Microsoft,"2019-12-12 21:22:50"
545419,001424364757,,,Activated,"Surface Book","i5-6300U_2.4 GHz",Microsoft,"2019-12-12 21:26:58"
545260,001381163757,,,Activated,"Surface Book","i5-6300U_2.4 GHz",Microsoft,"2019-12-12 22:01:46"
545260,001381163757,,,Activated,"Surface Book","i5-6300U_2.4 GHz",Microsoft,"2019-12-12 22:01:51"
545260,001381163757,,,Activated,"Surface Book","i5-6300U_2.4 GHz",Microsoft,"2019-12-12 22:02:05"
545283,009758664757,,,Activated,"Surface Book","i5-6300U_2.4 GHz",Microsoft,"2019-12-12 22:06:41"
545254,001413564757,,,Activated,"Surface Book","i5-6300U_2.4 GHz",Microsoft,"2019-12-13 14:03:08"
545417,001473664757,,,Activated,"Surface Book","i5-6300U_2.4 GHz",Microsoft,"2019-12-13 14:15:01"
545433,001646464757,,,Activated,"Surface Book","i5-6300U_2.4 GHz",Microsoft,"2019-12-13 14:15:59"
269154,PC009WTA,,03307504798701,Activated,"THINKPAD T440","i5-4300U_1.9 GHz",Lenovo,"2019-12-13 14:17:20"
545433,001646464757,,,Activated,"Surface Book","i5-6300U_2.4 GHz",Microsoft,"2019-12-13 14:25:19"
545429,001265763757,,,Activated,"Surface Book","i5-6300U_2.4 GHz",Microsoft,"2019-12-13 14:37:56"
545447,000643164757,,,Activated,"Surface Book","i5-6300U_2.4 GHz",Microsoft,"2019-12-13 14:47:01"
545253,001693264757,,,Activated,"Surface Book","i5-6300U_2.4 GHz",Microsoft,"2019-12-13 14:55:30"
545433,001646464757,,,Activated,"Surface Book","i5-6300U_2.4 GHz",Microsoft,"2019-12-13 15:01:49"
545448,001711464757,,,Activated,"Surface Book","i5-6300U_2.4 GHz",Microsoft,"2019-12-13 15:03:39"
545448,001711464757,,,Activated,"Surface Book","i5-6300U_2.4 GHz",Microsoft,"2019-12-13 15:03:44"
545440,000631464757,,,Activated,"Surface Book","i5-6300U_2.4 GHz",Microsoft,"2019-12-13 15:04:28"
545454,001294563757,,,Activated,"Surface Book","i5-6300U_2.4 GHz",Microsoft,"2019-12-13 15:10:21"
545454,001294563757,,,Activated,"Surface Book","i5-6300U_2.4 GHz",Microsoft,"2019-12-13 15:10:30"
545448,001711464757,,,Activated,"Surface Book","i5-6300U_2.4 GHz",Microsoft,"2019-12-13 15:28:29"
545459,010925463657,,,Activated,"Surface Book","i5-6300U_2.4 GHz",Microsoft,"2019-12-13 15:30:05"
545458,001288263757,,,Activated,"Surface Book","i5-6300U_2.4 GHz",Microsoft,"2019-12-13 15:36:17"
545452,003662464457,,,Activated,"Surface Book","i5-6300U_2.4 GHz",Microsoft,"2019-12-13 15:50:25"
545452,003662464457,,,Activated,"Surface Book","i5-6300U_2.4 GHz",Microsoft,"2019-12-13 15:50:36"
545430,000781564757,,,Activated,"Surface Book","i5-6300U_2.4 GHz",Microsoft,"2019-12-13 16:00:03"
545432,011020363657,,,Activated,"Surface Book","i5-6300U_2.4 GHz",Microsoft,"2019-12-13 16:01:00"
545432,011020363657,,,Activated,"Surface Book","i5-6300U_2.4 GHz",Microsoft,"2019-12-13 16:01:14"
288739,017516153453,,,Activated,"Surface Pro 3","i5-4300U_1.9 GHz",Microsoft,"2019-12-13 16:15:30"
189117,008866752653,,,Activated,"Surface Pro 3",i5-4300U_1.9GHz,Microsoft,"2019-12-13 16:19:14"
545294,061076150453,,,Activated,"Surface Pro 3","i5-4300U_1.9 GHz",Microsoft,"2019-12-13 16:22:37"
545430,000781564757,,,Activated,"Surface Book","i5-6300U_2.4 GHz",Microsoft,"2019-12-13 16:25:02"
545294,061076150453,,,Activated,"Surface Pro 3","i5-4300U_1.9 GHz",Microsoft,"2019-12-13 16:26:07"
545291,015601143453,,,Activated,"Surface Pro 3","i5-4300U_1.9 GHz",Microsoft,"2019-12-13 16:26:48"
545288,040727152353,,,Activated,"Surface Pro 3","i5-4300U_1.9 GHz",Microsoft,"2019-12-13 16:27:28"
545288,040727152353,,,Activated,"Surface Pro 3","i5-4300U_1.9 GHz",Microsoft,"2019-12-13 16:29:39"
545298,010289152753,,,Activated,"Surface Pro 3","i5-4300U_1.9 GHz",Microsoft,"2019-12-13 16:39:17"
545298,010289152753,,,Activated,"Surface Pro 3","i5-4300U_1.9 GHz",Microsoft,"2019-12-13 16:40:01"
545298,010289152753,,,Activated,"Surface Pro 3","i5-4300U_1.9 GHz",Microsoft,"2019-12-13 16:40:19"
531197,5WKM942,,03307504798844,Activated,"OptiPlex 9020","i7-4790_3.5 GHz",Dell,"2019-12-13 17:37:46"
520607,F4L2W12,00186248207764,03307504798820,,"OptiPlex 9020","i5-4670_3.4 GHz",Dell,"2019-12-13 20:02:13"
552711,3DW3VY1,00186226911828,03307504798496,,"Latitude E6430","i5-3340M_2.7 GHz",Dell,"2019-12-13 20:13:13"
535620,70F0PX1,00186224815647,03307504798495,,"Latitude E6430","i7-3740QM_2.7 GHz",Dell,"2019-12-13 20:20:32"
552706,F5T1LX1,00186214453743,03307504798491,,"Latitude E6430","i5-3340M_2.7 GHz",Dell,"2019-12-13 20:26:38"
552665,BGS1LX1,00186214453667,03307504798502,,"Latitude E6430","i5-3340M_2.7 GHz",Dell,"2019-12-13 20:40:37"
552706,F5T1LX1,00186214453743,03307504798491,,"Latitude E6430","i5-3340M_2.7 GHz",Dell,"2019-12-13 20:41:19"
552708,GSNGWW1,00186191601101,03307504798497,,"Latitude E6430","i5-3320M_2.6 GHz",Dell,"2019-12-13 20:42:47"
552679,H0V3VY1,00186234890401,03307504798492,,"Latitude E6430","i5-3340M_2.7 GHz",Dell,"2019-12-13 20:43:34"
552728,8ZS3VY1,00186226911829,03307504798494,,"Latitude E6430","i5-3340M_2.7 GHz",Dell,"2019-12-13 20:59:42"
