Asset,Model,"Form Factor",CPU,Price,ASIN,Added
142323,"ThinkCentre M91p","Small Form Factor","i7 2600@3.4GHz",228.8,B0786HSGW7,"2019-05-06 21:45:11"
142419,"Optiplex 390","Small Form Factor","i5 2400@3.4GHz",139.99,B01LOSQWBC,"2019-05-08 20:26:10"
142387,"Optiplex 390","Small Form Factor","i5 2400@3.4GHz",139.99,B01LOSQWBC,"2019-05-08 20:36:49"
142409,"Optiplex 390","Small Form Factor","i5 2400@3.4GHz",139.99,B01LOSQWBC,"2019-05-08 20:39:19"
144141,"ThinkPad T440",Notebook,"i5 4300U@1.9GHz",279.99,B07CTTW8HR,"2019-05-10 18:35:14"
144137,"ThinkPad T450S",Notebook,"i5 5300U@2.3GHz",319.99,B07HHCGJSY,"2019-05-10 18:39:57"
144144,"ThinkPad T450S",Notebook,"i5 5300U@2.3GHz",319.99,B07HHCGJSY,"2019-05-10 18:40:19"
146409,"Optiplex 7010","Small Form Factor","i5 3470,3570,3550,3475S,3570@3.2GHz",156.99,B01HSDJFFM,"2019-05-14 15:36:44"
146143,"Elite 8300","Small Form Factor","i5 3470,3570@3.2GHz",160,B01CV9G1BO,"2019-05-15 14:39:49"
145401,"Elite 6300","Small Form Factor","i3 3220@3.3GHz",123.99,B01GU6HLH2,"2019-05-15 17:01:04"
145400,"Elite 6300","Small Form Factor","i3 3220@3.3GHz",123.99,B01GU6HLH2,"2019-05-15 17:01:29"
142404,"Optiplex 390","Small Form Factor","i5 2400@3.4GHz",139.99,B01LOSQWBC,"2019-05-15 19:49:00"
148254,"Optiplex 7010","Small Form Factor","i5 3470,3570,3550,3475S,3570@3.2GHz",156.99,B01HSDJFFM,"2019-05-15 19:58:24"
148255,"Optiplex 7010","Small Form Factor","i5 3470,3570,3550,3475S,3570@3.2GHz",156.99,B01HSDJFFM,"2019-05-15 20:06:05"
161559,"Elite 6300","Small Form Factor","i3 3220@3.3GHz",123.99,B01GU6HLH2,"2019-05-17 15:29:25"
161558,"Elite 6300","Small Form Factor","i3 3220@3.3GHz",123.99,B01GU6HLH2,"2019-05-17 15:31:48"
161570,"Elite 6300","Small Form Factor","i3 3220@3.3GHz",123.99,B01GU6HLH2,"2019-05-17 15:32:40"
162153,"ProDesk 600 G1","Small Form Factor","i3 4130,4160@3.4GHz",149.89,B077MSZ9P3,"2019-05-17 17:26:14"
161794,"Surface Pro 3",Tablet,"i5 4300U@1.9GHz",394.99,B00VU1XDDO,"2019-05-20 15:50:21"
161910,"Surface Pro 3",Tablet,"i5 4300U@1.9GHz",394.99,B00VU1XDDO,"2019-05-20 16:28:06"
162313,"Elite 6300","Small Form Factor","i3 3220@3.3GHz",123.99,B01GU6HLH2,"2019-05-20 17:18:38"
162324,"Elite 6300","Small Form Factor","i3 3220@3.3GHz",123.99,B01GU6HLH2,"2019-05-20 17:24:47"
162310,"Elite 6300","Small Form Factor","i3 3220@3.3GHz",123.99,B01GU6HLH2,"2019-05-20 17:27:31"
161868,"Surface Pro 3",Tablet,"i5 4300U@1.9GHz",394.99,B00VU1XDDO,"2019-05-20 17:28:18"
162326,"Elite 6300","Small Form Factor","i3 3220@3.3GHz",123.99,B01GU6HLH2,"2019-05-20 17:28:56"
162276,"Elite 6300","Small Form Factor","i3 3220@3.3GHz",123.99,B01GU6HLH2,"2019-05-20 17:30:45"
161762,"Surface Pro 3",Tablet,"i5 4300U@1.9GHz",394.99,B00VU1XDDO,"2019-05-20 17:44:55"
161802,"Surface Pro 3",Tablet,"i5 4300U@1.9GHz",394.99,B00VU1XDDO,"2019-05-20 18:17:35"
161784,"Surface Pro 3",Tablet,"i5 4300U@1.9GHz",394.99,B00VU1XDDO,"2019-05-20 18:31:50"
161779,"Surface Pro 3",Tablet,"i5 4300U@1.9GHz",394.99,B00VU1XDDO,"2019-05-20 18:37:14"
161782,"Surface Pro 3",Tablet,"i5 4300U@1.9GHz",394.99,B00VU1XDDO,"2019-05-20 18:38:18"
161845,"Surface Pro 3",Tablet,"i5 4300U@1.9GHz",394.99,B00VU1XDDO,"2019-05-20 18:42:38"
161843,"Surface Pro 3",Tablet,"i5 4300U@1.9GHz",394.99,B00VU1XDDO,"2019-05-20 19:03:46"
161874,"Surface Pro 3",Tablet,"i5 4300U@1.9GHz",394.99,B00VU1XDDO,"2019-05-20 19:49:58"
161757,"Surface Pro 3",Tablet,"i5 4300U@1.9GHz",394.99,B00VU1XDDO,"2019-05-20 20:25:16"
161764,"Surface Pro 3",Tablet,"i5 4300U@1.9GHz",394.99,B00VU1XDDO,"2019-05-20 20:45:06"
161766,"Surface Pro 3",Tablet,"i5 4300U@1.9GHz",394.99,B00VU1XDDO,"2019-05-20 21:01:40"
161851,"Surface Pro 3",Tablet,"i5 4300U@1.9GHz",394.99,B00VU1XDDO,"2019-05-20 22:17:25"
161889,"Surface Pro 3",Tablet,"i5 4300U@1.9GHz",394.99,B00VU1XDDO,"2019-05-21 15:38:37"
161885,"Surface Pro 3",Tablet,"i5 4300U@1.9GHz",394.99,B00VU1XDDO,"2019-05-21 16:42:32"
161884,"Surface Pro 3",Tablet,"i5 4300U@1.9GHz",394.99,B00VU1XDDO,"2019-05-21 17:28:42"
161860,"Surface Pro 3",Tablet,"i5 4300U@1.9GHz",394.99,B00VU1XDDO,"2019-05-21 17:33:17"
161893,"Surface Pro 3",Tablet,"i5 4300U@1.9GHz",394.99,B00VU1XDDO,"2019-05-21 19:06:26"
161857,"Surface Pro 3",Tablet,"i5 4300U@1.9GHz",394.99,B00VU1XDDO,"2019-05-21 19:10:43"
162316,"Elite 6300","Small Form Factor","i3 3220@3.3GHz",123.99,B01GU6HLH2,"2019-05-21 22:07:21"
162357,"Elite 6300","Small Form Factor","i3 3220@3.3GHz",123.99,B01GU6HLH2,"2019-05-23 17:04:27"
161882,"Surface Pro 3",Tablet,"i5 4300U@1.9GHz",394.99,B00VU1XDDO,"2019-05-23 18:50:18"
164986,"Optiplex 7010","Small Form Factor","i5 3470,3570,3550,3475S,3570@3.2GHz",156.99,B01HSDJFFM,"2019-05-28 14:31:09"
165950,"Optiplex 7010","Small Form Factor","i5 3470,3570,3550,3475S,3570@3.2GHz",156.99,B01HSDJFFM,"2019-05-31 15:38:22"
167572,"Optiplex 990","Small Form Factor","i5 2400,2500@3.1GHz",137,B01HTVADHW,"2019-06-03 17:59:24"
166144,"Latitude E7440",Notebook,"i7 4600U@3.3GHz",320.5,B0799HPMFT,"2019-06-04 18:25:28"
169856,"ThinkPad T440",Notebook,"i5 4300U@1.9GHz",219.99,B073WVRDJT,"2019-06-06 21:34:50"
169558,"ThinkPad T440",Notebook,"i5 4300U@1.9GHz",219.99,B073WVRDJT,"2019-06-06 21:52:28"
170419,"ThinkPad T440",Notebook,"i5 4300U@1.9GHz",219.99,B073WVRDJT,"2019-06-07 18:52:41"
170427,"ThinkPad T440",Notebook,"i5 4300U@1.9GHz",219.99,B073WVRDJT,"2019-06-07 19:37:14"
170365,"ThinkPad T440",Notebook,"i5 4300U@1.9GHz",219.99,B073WVRDJT,"2019-06-10 18:25:09"
170461,"ThinkPad T440",Notebook,"i5 4300U@1.9GHz",219.99,B073WVRDJT,"2019-06-10 18:47:45"
170449,"ThinkPad T440",Notebook,"i5 4300U@1.9GHz",219.99,B073WVRDJT,"2019-06-11 14:21:50"
170380,"Latitude E6420",Notebook,"i5 2520M,2540M@<2.5GHz",204.98,B00VKL0I96,"2019-06-11 14:51:03"
175425,"Optiplex 390","Small Form Factor","i5 2400@3.4GHz",139.99,B01LOSQWBC,"2019-06-13 15:46:52"
169739,"Thinkpad T420",Notebook,"i5 2410M,2540M,2520M@2.53GHz",212.86,B00W4AMWCI,"2019-06-13 18:53:01"
173007,"Latitude E6440",Notebook,"i5 4300M,4310M@2.6GHz",225.99,B07C1DK3SS,"2019-06-13 20:18:57"
172983,"Latitude E6430",Notebook,"i5 3320M@2.6GHz",244.98,B01M293O5P,"2019-06-13 20:36:21"
173040,"Latitude E6430",Notebook,"i5 3320M@2.6GHz",244.98,B01M293O5P,"2019-06-13 20:37:25"
173046,"Latitude E6430",Notebook,"i5 3320M@2.6GHz",244.98,B01M293O5P,"2019-06-13 20:38:39"
173001,"Latitude E6420",Notebook,"i5 2520M,2540M@<2.5GHz",204.98,B00VKL0I96,"2019-06-13 20:40:36"
173053,"Latitude E6420",Notebook,"i5 2520M,2540M@<2.5GHz",204.98,B00VKL0I96,"2019-06-17 16:51:50"
173021,"Latitude E6430",Notebook,"i5 3320M@2.6GHz",244.98,B01M293O5P,"2019-06-17 16:52:30"
172989,"Latitude E6420",Notebook,"i5 2520M,2540M@<2.5GHz",204.98,B00VKL0I96,"2019-06-17 16:53:01"
173054,"Latitude E6420",Notebook,"i5 2520M,2540M@<2.5GHz",204.98,B00VKL0I96,"2019-06-17 16:55:52"
172826,"Latitude E6420",Notebook,"i5 2520M,2540M@<2.5GHz",204.98,B00VKL0I96,"2019-06-17 16:58:58"
172856,"Latitude E6420",Notebook,"i5 2520M,2540M@<2.5GHz",204.98,B00VKL0I96,"2019-06-17 16:59:37"
172994,"Latitude E6420",Notebook,"i5 2520M,2540M@<2.5GHz",204.98,B00VKL0I96,"2019-06-17 17:00:10"
172829,"Latitude E6420",Notebook,"i5 2520M,2540M@<2.5GHz",204.98,B00VKL0I96,"2019-06-17 17:02:39"
172822,"Latitude E6420",Notebook,"i5 2520M,2540M@<2.5GHz",204.98,B00VKL0I96,"2019-06-17 17:03:35"
172817,"Latitude E6420",Notebook,"i5 2520M,2540M@<2.5GHz",204.98,B00VKL0I96,"2019-06-17 17:04:44"
172992,"Latitude E6420",Notebook,"i5 2520M,2540M@<2.5GHz",204.98,B00VKL0I96,"2019-06-17 17:05:37"
172887,"Latitude E6420",Notebook,"i5 2520M,2540M@<2.5GHz",204.98,B00VKL0I96,"2019-06-17 17:06:34"
172881,"Latitude E6420",Notebook,"i5 2520M,2540M@<2.5GHz",204.98,B00VKL0I96,"2019-06-17 17:07:59"
173048,"Latitude E6430",Notebook,"i5 3320M@2.6GHz",244.98,B01M293O5P,"2019-06-17 17:18:27"
172991,"Latitude E6430",Notebook,"i5 3320M@2.6GHz",244.98,B01M293O5P,"2019-06-17 17:19:06"
172878,"Latitude E6430",Notebook,"i5 3320M@2.6GHz",244.98,B01M293O5P,"2019-06-17 17:20:26"
173049,"Latitude E6430",Notebook,"i5 3320M@2.6GHz",244.98,B01M293O5P,"2019-06-17 17:21:08"
172869,"Latitude E6430",Notebook,"i5 3320M@2.6GHz",244.98,B01M293O5P,"2019-06-17 17:21:49"
173050,"Latitude E6430",Notebook,"i5 3320M@2.6GHz",244.98,B01M293O5P,"2019-06-17 17:23:10"
173051,"Latitude E6430",Notebook,"i5 3320M@2.6GHz",244.98,B01M293O5P,"2019-06-17 17:25:35"
172815,"Latitude E6430",Notebook,"i5 3320M@2.6GHz",244.98,B01M293O5P,"2019-06-17 17:26:15"
172884,"Latitude E6430",Notebook,"i5 3320M@2.6GHz",244.98,B01M293O5P,"2019-06-17 17:26:51"
175283,"Latitude E6430",Notebook,"i5 3320M@2.6GHz",244.98,B01M293O5P,"2019-06-17 18:37:20"
175286,"Latitude E6430",Notebook,"i5 3320M@2.6GHz",244.98,B01M293O5P,"2019-06-17 18:37:58"
175282,"Latitude E6430",Notebook,"i5 3320M@2.6GHz",244.98,B01M293O5P,"2019-06-17 18:38:25"
175287,"Latitude E6430",Notebook,"i5 3320M@2.6GHz",244.98,B01M293O5P,"2019-06-17 18:38:51"
175288,"Latitude E6430",Notebook,"i5 3320M@2.6GHz",244.98,B01M293O5P,"2019-06-17 18:39:30"
175290,"Latitude E6430",Notebook,"i5 3320M@2.6GHz",244.98,B01M293O5P,"2019-06-17 18:39:54"
176729,"Latitude E6430",Notebook,"i5 3320M@2.6GHz",244.98,B01M293O5P,"2019-06-17 18:40:22"
175418,"Optiplex 390","Small Form Factor","i5 2400@3.4GHz",139.99,B01LOSQWBC,"2019-06-17 21:15:12"
175422,"Optiplex 390","Small Form Factor","i5 2400@3.4GHz",139.99,B01LOSQWBC,"2019-06-17 21:16:19"
176572,"Optiplex 7010","Small Form Factor","i5 3470,3570,3550,3475S,3570@3.2GHz",156.99,B01HSDJFFM,"2019-06-17 21:26:15"
175285,"Latitude E6420",Notebook,"i5 2520M,2540M@<2.5GHz",204.98,B00VKL0I96,"2019-06-18 14:02:06"
175284,"Latitude E6420",Notebook,"i5 2520M,2540M@<2.5GHz",204.98,B00VKL0I96,"2019-06-18 14:02:35"
176191,"Optiplex 3010","Small Form Factor","i3 3220@3.3GHz",104.49,B074YJQPNX,"2019-06-18 21:13:59"
176180,"Optiplex 3010","Small Form Factor","i3 3220@3.3GHz",104.49,B074YJQPNX,"2019-06-18 21:15:35"
178585,"Optiplex 7010","Small Form Factor","i3 3220,3240@3.3GHz",141.44,B079QB4P6S,"2019-06-18 23:00:48"
178580,"Optiplex 7010","Small Form Factor","i3 3220,3240@3.3GHz",141.44,B079QB4P6S,"2019-06-18 23:06:57"
89777,"Latitude E6420",Notebook,"i5 2520M,2540M@<2.5GHz",204.98,B00VKL0I96,"2019-06-19 14:50:56"
117111,"Latitude E6420",Notebook,"i7 2620M@<3.4GHz",223.98,B079P8759M,"2019-06-19 14:50:56"
72998,"Latitude E6430",Notebook,"i5 3320M@2.6GHz",244.98,B01M293O5P,"2019-06-19 14:50:56"
73003,"Latitude E6430",Notebook,"i5 3320M@2.6GHz",244.98,B01M293O5P,"2019-06-19 14:50:56"
75386,"Latitude E6430",Notebook,"i5 3320M@2.6GHz",244.98,B01M293O5P,"2019-06-19 14:50:56"
89679,"Latitude E6430",Notebook,"i5 3320M@2.6GHz",244.98,B01M293O5P,"2019-06-19 14:50:56"
89682,"Latitude E6430",Notebook,"i5 3320M@2.6GHz",244.98,B01M293O5P,"2019-06-19 14:50:56"
89684,"Latitude E6430",Notebook,"i5 3320M@2.6GHz",244.98,B01M293O5P,"2019-06-19 14:50:56"
89687,"Latitude E6430",Notebook,"i5 3320M@2.6GHz",244.98,B01M293O5P,"2019-06-19 14:50:56"
92477,"Latitude E6430",Notebook,"i5 3320M@2.6GHz",244.98,B01M293O5P,"2019-06-19 14:50:56"
92478,"Latitude E6430",Notebook,"i5 3320M@2.6GHz",244.98,B01M293O5P,"2019-06-19 14:50:56"
92554,"Latitude E6430",Notebook,"i5 3320M@2.6GHz",244.98,B01M293O5P,"2019-06-19 14:50:56"
92557,"Latitude E6430",Notebook,"i5 3320M@2.6GHz",244.98,B01M293O5P,"2019-06-19 14:50:56"
92799,"Latitude E6430",Notebook,"i5 3320M@2.6GHz",244.98,B01M293O5P,"2019-06-19 14:50:56"
92800,"Latitude E6430",Notebook,"i5 3320M@2.6GHz",244.98,B01M293O5P,"2019-06-19 14:50:56"
111005,"Latitude E6430",Notebook,"i5 3320M@2.6GHz",244.98,B01M293O5P,"2019-06-19 14:50:56"
68496,"Latitude E6420",Notebook,"i5 2520M,2540M@<2.5GHz",204.98,B00VKL0I96,"2019-06-19 14:50:56"
72945,"Latitude E6420",Notebook,"i5 2520M,2540M@<2.5GHz",204.98,B00VKL0I96,"2019-06-19 14:50:56"
72996,"Latitude E6430",Notebook,"i5 3320M@2.6GHz",244.98,B01M293O5P,"2019-06-19 14:50:56"
82607,"Latitude E6420",Notebook,"i5 2520M,2540M@<2.5GHz",204.98,B00VKL0I96,"2019-06-19 14:50:56"
82611,"Latitude E6420",Notebook,"i5 2520M,2540M@<2.5GHz",204.98,B00VKL0I96,"2019-06-19 14:50:56"
87139,"Latitude E6420",Notebook,"i5 2520M,2540M@<2.5GHz",204.98,B00VKL0I96,"2019-06-19 14:50:56"
89741,"Latitude E6420",Notebook,"i5 2520M,2540M@<2.5GHz",204.98,B00VKL0I96,"2019-06-19 14:50:56"
89767,"Latitude E6420",Notebook,"i5 2520M,2540M@<2.5GHz",204.98,B00VKL0I96,"2019-06-19 14:50:56"
89776,"Latitude E6420",Notebook,"i5 2520M,2540M@<2.5GHz",204.98,B00VKL0I96,"2019-06-19 14:50:56"
89780,"Latitude E6420",Notebook,"i5 2520M,2540M@<2.5GHz",204.98,B00VKL0I96,"2019-06-19 14:50:56"
89794,"Latitude E6420",Notebook,"i5 2520M,2540M@<2.5GHz",204.98,B00VKL0I96,"2019-06-19 14:50:56"
89795,"Latitude E6420",Notebook,"i5 2520M,2540M@<2.5GHz",204.98,B00VKL0I96,"2019-06-19 14:50:56"
89796,"Latitude E6420",Notebook,"i5 2520M,2540M@<2.5GHz",204.98,B00VKL0I96,"2019-06-19 14:50:56"
92476,"Latitude E6420",Notebook,"i5 2520M,2540M@<2.5GHz",204.98,B00VKL0I96,"2019-06-19 14:50:56"
92482,"Latitude E6420",Notebook,"i5 2520M,2540M@<2.5GHz",204.98,B00VKL0I96,"2019-06-19 14:50:56"
92519,"Latitude E6420",Notebook,"i5 2520M,2540M@<2.5GHz",204.98,B00VKL0I96,"2019-06-19 14:50:56"
92780,"Latitude E6420",Notebook,"i5 2520M,2540M@<2.5GHz",204.98,B00VKL0I96,"2019-06-19 14:50:56"
92801,"Latitude E6420",Notebook,"i5 2520M,2540M@<2.5GHz",204.98,B00VKL0I96,"2019-06-19 14:50:56"
92805,"Latitude E6420",Notebook,"i5 2520M,2540M@<2.5GHz",204.98,B00VKL0I96,"2019-06-19 14:50:56"
92807,"Latitude E6420",Notebook,"i5 2520M,2540M@<2.5GHz",204.98,B00VKL0I96,"2019-06-19 14:50:56"
96071,"Latitude E6420",Notebook,"i5 2520M,2540M@<2.5GHz",204.98,B00VKL0I96,"2019-06-19 14:50:56"
104103,"Latitude E6420",Notebook,"i5 2520M,2540M@<2.5GHz",204.98,B00VKL0I96,"2019-06-19 14:50:56"
112689,"Latitude E6420",Notebook,"i5 2520M,2540M@<2.5GHz",204.98,B00VKL0I96,"2019-06-19 14:50:56"
112692,"Latitude E6420",Notebook,"i5 2520M,2540M@<2.5GHz",204.98,B00VKL0I96,"2019-06-19 14:50:56"
112780,"Latitude E6420",Notebook,"i5 2520M,2540M@<2.5GHz",204.98,B00VKL0I96,"2019-06-19 14:50:56"
118487,"Latitude E6420",Notebook,"i7 2620M@<3.4GHz",223.98,B079P8759M,"2019-06-19 14:50:56"
118499,"Latitude E6420",Notebook,"i7 2620M@<3.4GHz",223.98,B079P8759M,"2019-06-19 14:50:56"
118504,"Latitude E6420",Notebook,"i7 2620M@<3.4GHz",223.98,B079P8759M,"2019-06-19 14:50:56"
118507,"Latitude E6420",Notebook,"i7 2620M@<3.4GHz",223.98,B079P8759M,"2019-06-19 14:50:56"
118509,"Latitude E6420",Notebook,"i7 2620M@<3.4GHz",223.98,B079P8759M,"2019-06-19 14:50:56"
118510,"Latitude E6420",Notebook,"i7 2620M@<3.4GHz",223.98,B079P8759M,"2019-06-19 14:50:56"
123788,"Latitude E6420",Notebook,"i5 2520M,2540M@<2.5GHz",204.98,B00VKL0I96,"2019-06-19 14:50:56"
130953,"Latitude E6420",Notebook,"i5 2520M,2540M@<2.5GHz",204.98,B00VKL0I96,"2019-06-19 14:50:56"
130954,"Latitude E6420",Notebook,"i5 2520M,2540M@<2.5GHz",204.98,B00VKL0I96,"2019-06-19 14:50:56"
141217,"Latitude E6420",Notebook,"i5 2520M,2540M@<2.5GHz",204.98,B00VKL0I96,"2019-06-19 14:50:56"
141269,"Latitude E6420",Notebook,"i5 2520M,2540M@<2.5GHz",204.98,B00VKL0I96,"2019-06-19 14:50:56"
141821,"Latitude E6420",Notebook,"i5 2520M,2540M@<2.5GHz",204.98,B00VKL0I96,"2019-06-19 14:50:56"
41361,"Latitude E6430",Notebook,"i5 3320M@2.6GHz",244.98,B01M293O5P,"2019-06-19 14:50:56"
41412,"Latitude E6430",Notebook,"i5 3320M@2.6GHz",244.98,B01M293O5P,"2019-06-19 14:50:56"
72944,"Latitude E6430",Notebook,"i5 3320M@2.6GHz",244.98,B01M293O5P,"2019-06-19 14:50:56"
72994,"Latitude E6430",Notebook,"i5 3320M@2.6GHz",244.98,B01M293O5P,"2019-06-19 14:50:56"
75375,"Latitude E6430",Notebook,"i5 3320M@2.6GHz",244.98,B01M293O5P,"2019-06-19 14:50:56"
82593,"Latitude E6430",Notebook,"i5 3320M@2.6GHz",244.98,B01M293O5P,"2019-06-19 14:50:56"
82608,"Latitude E6430",Notebook,"i5 3320M@2.6GHz",244.98,B01M293O5P,"2019-06-19 14:50:56"
82614,"Latitude E6430",Notebook,"i5 3320M@2.6GHz",244.98,B01M293O5P,"2019-06-19 14:50:56"
84267,"Latitude E6430",Notebook,"i5 3320M@2.6GHz",244.98,B01M293O5P,"2019-06-19 14:50:56"
89683,"Latitude E6430",Notebook,"i5 3320M@2.6GHz",244.98,B01M293O5P,"2019-06-19 14:50:56"
92475,"Latitude E6430",Notebook,"i5 3320M@2.6GHz",244.98,B01M293O5P,"2019-06-19 14:50:56"
92531,"Latitude E6430",Notebook,"i5 3320M@2.6GHz",244.98,B01M293O5P,"2019-06-19 14:50:56"
92732,"Latitude E6430",Notebook,"i5 3320M@2.6GHz",244.98,B01M293O5P,"2019-06-19 14:50:56"
101971,"Latitude E6430",Notebook,"i5 3320M@2.6GHz",244.98,B01M293O5P,"2019-06-19 14:50:56"
101974,"Latitude E6430",Notebook,"i5 3320M@2.6GHz",244.98,B01M293O5P,"2019-06-19 14:50:56"
101985,"Latitude E6430",Notebook,"i5 3320M@2.6GHz",244.98,B01M293O5P,"2019-06-19 14:50:56"
111704,"Latitude E6430",Notebook,"i5 3320M@2.6GHz",244.98,B01M293O5P,"2019-06-19 14:50:56"
112687,"Latitude E6430",Notebook,"i5 3320M@2.6GHz",244.98,B01M293O5P,"2019-06-19 14:50:56"
112690,"Latitude E6430",Notebook,"i5 3320M@2.6GHz",244.98,B01M293O5P,"2019-06-19 14:50:56"
114967,"Latitude E6430",Notebook,"i5 3320M@2.6GHz",244.98,B01M293O5P,"2019-06-19 14:50:56"
118514,"Latitude E6430",Notebook,"i5 3320M@2.6GHz",244.98,B01M293O5P,"2019-06-19 14:50:56"
118518,"Latitude E6430",Notebook,"i5 3320M@2.6GHz",244.98,B01M293O5P,"2019-06-19 14:50:56"
118520,"Latitude E6430",Notebook,"i5 3320M@2.6GHz",244.98,B01M293O5P,"2019-06-19 14:50:56"
118522,"Latitude E6430",Notebook,"i5 3320M@2.6GHz",244.98,B01M293O5P,"2019-06-19 14:50:56"
131049,"Latitude E6430",Notebook,"i5 3320M@2.6GHz",244.98,B01M293O5P,"2019-06-19 14:50:56"
131051,"Latitude E6430",Notebook,"i5 3320M@2.6GHz",244.98,B01M293O5P,"2019-06-19 14:50:56"
127947,"Latitude E7440",Notebook,"i7 4600U@3.3GHz",320.5,B0799HPMFT,"2019-06-19 14:50:56"
127973,"Latitude E7440",Notebook,"i7 4600U@3.3GHz",320.5,B0799HPMFT,"2019-06-19 14:50:56"
127990,"Latitude E7440",Notebook,"i7 4600U@3.3GHz",320.5,B0799HPMFT,"2019-06-19 14:50:56"
127992,"Latitude E7440",Notebook,"i7 4600U@3.3GHz",320.5,B0799HPMFT,"2019-06-19 14:50:56"
180759,"Optiplex 7010","Small Form Factor","i3 3220,3240@3.3GHz",141.44,B079QB4P6S,"2019-06-19 15:18:59"
180778,"Optiplex 7010","Small Form Factor","i3 3220,3240@3.3GHz",141.44,B079QB4P6S,"2019-06-19 15:19:20"
180767,"Optiplex 7010","Small Form Factor","i3 3220,3240@3.3GHz",141.44,B079QB4P6S,"2019-06-19 15:23:04"
180787,"Optiplex 7010","Small Form Factor","i3 3220,3240@3.3GHz",141.44,B079QB4P6S,"2019-06-19 15:24:08"
180770,"Optiplex 7010","Small Form Factor","i3 3220,3240@3.3GHz",141.44,B079QB4P6S,"2019-06-19 15:24:50"
180772,"Optiplex 7010","Small Form Factor","i3 3220,3240@3.3GHz",141.44,B079QB4P6S,"2019-06-19 15:25:12"
180765,"Optiplex 7010","Small Form Factor","i3 3220,3240@3.3GHz",141.44,B079QB4P6S,"2019-06-19 15:26:50"
180748,"Optiplex 7010","Small Form Factor","i3 3220,3240@3.3GHz",141.44,B079QB4P6S,"2019-06-19 15:27:40"
180761,"Optiplex 7010","Small Form Factor","i3 3220,3240@3.3GHz",141.44,B079QB4P6S,"2019-06-19 15:28:51"
181127,"Optiplex 7010","Small Form Factor","i5 3470,3570,3550,3475S,3570@3.2GHz",156.99,B01HSDJFFM,"2019-06-19 18:56:19"
180758,"Optiplex 7010","Small Form Factor","i3 3220,3240@3.3GHz",141.44,B079QB4P6S,"2019-06-19 21:40:28"
181401,"Elite 6300","Small Form Factor","i3 3220@3.3GHz",123.99,B01GU6HLH2,"2019-06-20 17:15:25"
181966,"ProDesk 600 G1","Small Form Factor","i3 4130,4160@3.4GHz",149.89,B077MSZ9P3,"2019-06-20 17:28:38"
178262,"Thinkpad T430",Notebook,"i5 3230M,3210M,3320M@3.3GHz",209.9,B01LXCLDRI,"2019-06-21 15:57:46"
178461,"Latitude E6420",Notebook,"i5 2520M,2540M@<2.5GHz",204.98,B00VKL0I96,"2019-06-21 16:12:01"
180675,"Latitude E6420",Notebook,"i5 2520M,2540M@<2.5GHz",204.98,B00VKL0I96,"2019-06-21 17:58:24"
181241,"ThinkPad T450S",Notebook,"i5 5300U@2.3GHz",319.99,B07HHCGJSY,"2019-06-21 19:23:26"
182908,"Elite 6300","Small Form Factor","i3 3220@3.3GHz",123.99,B01GU6HLH2,"2019-06-21 21:18:21"
182805,"Elite 6300","Small Form Factor","i3 3220@3.3GHz",123.99,B01GU6HLH2,"2019-06-21 21:25:19"
182897,"Elite 6300","Small Form Factor","i3 3220@3.3GHz",123.99,B01GU6HLH2,"2019-06-21 21:26:23"
182909,"Elite 6300","Small Form Factor","i3 3220@3.3GHz",123.99,B01GU6HLH2,"2019-06-21 21:27:24"
182884,"Elite 6300","Small Form Factor","i3 3220@3.3GHz",123.99,B01GU6HLH2,"2019-06-21 21:29:14"
182914,"Elite 6300","Small Form Factor","i3 3220@3.3GHz",123.99,B01GU6HLH2,"2019-06-21 21:40:35"
182899,"Elite 6300","Small Form Factor","i3 3220@3.3GHz",123.99,B01GU6HLH2,"2019-06-21 21:41:06"
182807,"Elite 6300","Small Form Factor","i3 3220@3.3GHz",123.99,B01GU6HLH2,"2019-06-21 21:42:32"
182871,"ProDesk 600 G1","Small Form Factor","i3 4130,4160@3.4GHz",149.89,B077MSZ9P3,"2019-06-24 14:59:09"
182814,"ProDesk 600 G1","Small Form Factor","i3 4130,4160@3.4GHz",149.89,B077MSZ9P3,"2019-06-24 14:59:33"
182887,"ProDesk 600 G1","Small Form Factor","i3 4130,4160@3.4GHz",149.89,B077MSZ9P3,"2019-06-24 15:02:38"
182919,"ProDesk 600 G1","Small Form Factor","i3 4130,4160@3.4GHz",149.89,B077MSZ9P3,"2019-06-24 15:03:12"
182879,"ProDesk 600 G1","Small Form Factor","i3 4130,4160@3.4GHz",149.89,B077MSZ9P3,"2019-06-24 15:03:34"
182896,"ProDesk 600 G1","Small Form Factor","i3 4130,4160@3.4GHz",149.89,B077MSZ9P3,"2019-06-24 15:03:57"
182808,"ProDesk 600 G1","Small Form Factor","i3 4130,4160@3.4GHz",149.89,B077MSZ9P3,"2019-06-24 15:04:48"
182817,"Elite 6300","Small Form Factor","i3 3220@3.3GHz",123.99,B01GU6HLH2,"2019-06-24 15:07:24"
172800,"Latitude E6440",Notebook,"i5 4300M,4310M@2.6GHz",225.99,B07C1DK3SS,"2019-06-24 15:32:36"
172854,"Latitude E6420",Notebook,"i5 2520M,2540M@<2.5GHz",204.98,B00VKL0I96,"2019-06-24 15:35:50"
172831,"Latitude E6420",Notebook,"i5 2520M,2540M@<2.5GHz",204.98,B00VKL0I96,"2019-06-24 15:36:44"
172825,"Latitude E6420",Notebook,"i5 2520M,2540M@<2.5GHz",204.98,B00VKL0I96,"2019-06-24 15:37:38"
172860,"Latitude E6430",Notebook,"i5 3320M@2.6GHz",244.98,B01M293O5P,"2019-06-24 15:39:00"
172832,"Latitude E6430",Notebook,"i5 3320M@2.6GHz",244.98,B01M293O5P,"2019-06-24 15:39:57"
177936,"Latitude E6430",Notebook,"i5 3320M@2.6GHz",244.98,B01M293O5P,"2019-06-25 14:24:54"
177894,"Latitude E6430",Notebook,"i5 3320M@2.6GHz",244.98,B01M293O5P,"2019-06-25 14:49:36"
177893,"Latitude E6430",Notebook,"i5 3320M@2.6GHz",244.98,B01M293O5P,"2019-06-25 14:50:10"
177938,"Latitude E6420",Notebook,"i5 2520M,2540M@<2.5GHz",204.98,B00VKL0I96,"2019-06-25 15:24:06"
177934,"Latitude E6420",Notebook,"i5 2520M,2540M@<2.5GHz",204.98,B00VKL0I96,"2019-06-25 15:38:15"
177932,"Latitude E6420",Notebook,"i5 2520M,2540M@<2.5GHz",204.98,B00VKL0I96,"2019-06-25 15:53:01"
177897,"Latitude E6420",Notebook,"i5 2520M,2540M@<2.5GHz",204.98,B00VKL0I96,"2019-06-25 16:06:47"
177896,"Latitude E6420",Notebook,"i5 2520M,2540M@<2.5GHz",204.98,B00VKL0I96,"2019-06-25 16:11:07"
177891,"Latitude E6420",Notebook,"i5 2520M,2540M@<2.5GHz",204.98,B00VKL0I96,"2019-06-25 16:21:45"
177898,"Latitude E6420",Notebook,"i5 2520M,2540M@<2.5GHz",204.98,B00VKL0I96,"2019-06-25 16:24:06"
177899,"Latitude E6420",Notebook,"i5 2520M,2540M@<2.5GHz",204.98,B00VKL0I96,"2019-06-25 16:29:09"
177892,"Latitude E6420",Notebook,"i5 2520M,2540M@<2.5GHz",204.98,B00VKL0I96,"2019-06-25 17:00:20"
180988,"Latitude E6420",Notebook,"i5 2520M,2540M@<2.5GHz",204.98,B00VKL0I96,"2019-06-25 19:01:02"
180989,"Latitude E6420",Notebook,"i5 2520M,2540M@<2.5GHz",204.98,B00VKL0I96,"2019-06-25 19:01:53"
180677,"Latitude E6420",Notebook,"i5 2520M,2540M@<2.5GHz",204.98,B00VKL0I96,"2019-06-25 19:02:37"
183745,"ThinkPad T440",Notebook,"i5 4300U@1.9GHz",219.99,B073WVRDJT,"2019-06-25 19:12:34"
181870,"ThinkPad X1 Carbon 2nd Gen",Notebook,"i7 4600U@3.3GHz",529.84,B06VSNTJJP,"2019-06-25 19:38:00"
177973,"Latitude E6420",Notebook,"i5 2520M,2540M@<2.5GHz",204.98,B00VKL0I96,"2019-06-25 22:11:42"
177971,"Latitude E6420",Notebook,"i5 2520M,2540M@<2.5GHz",204.98,B00VKL0I96,"2019-06-25 22:12:17"
177969,"Latitude E6420",Notebook,"i5 2520M,2540M@<2.5GHz",204.98,B00VKL0I96,"2019-06-25 22:15:46"
177970,"Latitude E6430",Notebook,"i5 3320M@2.6GHz",244.98,B01M293O5P,"2019-06-25 22:16:30"
177968,"Latitude E6430",Notebook,"i5 3320M@2.6GHz",244.98,B01M293O5P,"2019-06-25 22:17:16"
182904,"Elite 6300","Small Form Factor","i3 3220@3.3GHz",123.99,B01GU6HLH2,"2019-06-26 16:07:36"
184855,"Elite 6300","Small Form Factor","i3 3220@3.3GHz",123.99,B01GU6HLH2,"2019-06-26 16:09:17"
186995,"Latitude E7240",Notebook,"i7 4600U@2.1GHz",329.99,B07116R1GY,"2019-06-26 21:08:28"
185081,"Optiplex 9020","Small Form Factor","i5 4570,4590,4690,4670@3.2GHz",230.79,B07CTSFCRR,"2019-06-27 14:42:30"
175092,"Latitude E7440",Notebook,"i7 4600U@3.3GHz",320.5,B0799HPMFT,"2019-06-27 17:18:59"
175087,"Latitude E7440",Notebook,"i7 4600U@3.3GHz",320.5,B0799HPMFT,"2019-06-27 17:20:25"
175111,"Latitude E7440",Notebook,"i7 4600U@3.3GHz",320.5,B0799HPMFT,"2019-06-27 17:29:06"
185795,"Optiplex 9020","Small Form Factor","i5 4570,4590,4690,4670@3.2GHz",230.79,B07CTSFCRR,"2019-06-28 15:32:21"
186102,"Optiplex 7010","Small Form Factor","i5 3470,3570,3550,3475S,3570@3.2GHz",156.99,B01HSDJFFM,"2019-06-28 15:37:31"
185112,"Optiplex 990","Small Form Factor","i5 2400,2500@3.1GHz",137,B01HTVADHW,"2019-06-28 15:39:28"
183754,"ThinkPad T440",Notebook,"i5 4300U@1.9GHz",279.99,B07CTTW8HR,"2019-06-28 16:33:23"
186312,"Latitude E6420",Notebook,"i5 2520M,2540M@<2.5GHz",204.98,B00VKL0I96,"2019-06-28 16:51:59"
181194,"Latitude E6430",Notebook,"i5 3320M@2.6GHz",244.98,B01M293O5P,"2019-06-28 18:43:18"
181208,"Latitude E6430",Notebook,"i5 3320M@2.6GHz",244.98,B01M293O5P,"2019-06-28 18:45:01"
181196,"Latitude E6430",Notebook,"i5 3320M@2.6GHz",244.98,B01M293O5P,"2019-06-28 18:45:36"
181197,"Latitude E6430",Notebook,"i5 3320M@2.6GHz",244.98,B01M293O5P,"2019-06-28 18:46:15"
181192,"Latitude E6430",Notebook,"i5 3320M@2.6GHz",244.98,B01M293O5P,"2019-06-28 18:47:13"
186295,"Latitude E6430",Notebook,"i5 3320M@2.6GHz",244.98,B01M293O5P,"2019-06-28 18:52:16"
184464,"Latitude E6430",Notebook,"i5 3320M@2.6GHz",244.98,B01M293O5P,"2019-06-28 18:53:01"
186314,"Latitude E6420",Notebook,"i5 2520M,2540M@<2.5GHz",204.98,B00VKL0I96,"2019-06-28 18:55:49"
186188,"Elite 6300","Small Form Factor","i3 3220@3.3GHz",123.99,B01GU6HLH2,"2019-06-28 22:23:15"
177890,"Latitude E6420",Notebook,"i5 2520M,2540M@<2.5GHz",204.98,B00VKL0I96,"2019-07-01 14:46:46"
177879,"Latitude E6420",Notebook,"i5 2520M,2540M@<2.5GHz",204.98,B00VKL0I96,"2019-07-01 14:47:21"
186008,"Thinkpad T420",Notebook,"i5 2410M,2540M,2520M@2.53GHz",212.86,B00W4AMWCI,"2019-07-01 16:28:30"
185993,"Latitude E6420",Notebook,"i5 2520M,2540M@<2.5GHz",204.98,B00VKL0I96,"2019-07-01 17:50:06"
186234,"Latitude E6430",Notebook,"i5 3320M@2.6GHz",244.98,B01M293O5P,"2019-07-01 21:03:55"
186232,"Latitude E7440",Notebook,"i5 4300U,4310U@1.9GHz",264,B071F49Q2P,"2019-07-01 21:06:08"
186198,"Latitude E7440",Notebook,"i5 4300U,4310U@1.9GHz",264,B071F49Q2P,"2019-07-02 14:58:38"
188063,"Optiplex 7010","Small Form Factor","i5 3470,3570,3550,3475S,3570@3.2GHz",156.99,B01HSDJFFM,"2019-07-02 15:14:59"
188573,"Optiplex 9020","Small Form Factor","i5 4570,4590,4690,4670@3.2GHz",230.79,B07CTSFCRR,"2019-07-02 15:17:44"
188571,"Optiplex 9020","Small Form Factor","i5 4570,4590,4690,4670@3.2GHz",230.79,B07CTSFCRR,"2019-07-02 15:18:05"
185787,"Optiplex 9020","Small Form Factor","i5 4570,4590,4690,4670@3.2GHz",230.79,B07CTSFCRR,"2019-07-02 15:19:42"
185791,"Optiplex 9020","Small Form Factor","i5 4570,4590,4690,4670@3.2GHz",230.79,B07CTSFCRR,"2019-07-02 15:20:04"
188575,"Optiplex 9020","Small Form Factor","i5 4570,4590,4690,4670@3.2GHz",230.79,B07CTSFCRR,"2019-07-02 15:22:40"
185786,"Optiplex 9020","Small Form Factor","i5 4570,4590,4690,4670@3.2GHz",230.79,B07CTSFCRR,"2019-07-02 15:38:36"
188391,"Latitude E7440",Notebook,"i5 4300U,4310U@1.9GHz",264,B071F49Q2P,"2019-07-03 18:58:49"
162455,"Latitude E7440",Notebook,"i5 4300U,4310U@1.9GHz",264,B071F49Q2P,"2019-07-08 14:55:57"
188121,"Latitude E6420",Notebook,"i5 2520M,2540M@<2.5GHz",204.98,B00VKL0I96,"2019-07-08 15:04:31"
188149,"Latitude E6420",Notebook,"i5 2520M,2540M@<2.5GHz",204.98,B00VKL0I96,"2019-07-08 15:10:43"
188013,"Latitude E6420",Notebook,"i5 2520M,2540M@<2.5GHz",204.98,B00VKL0I96,"2019-07-08 15:11:56"
185759,"Latitude E7240",Notebook,"i7 4600U@2.1GHz",329.99,B07116R1GY,"2019-07-08 17:53:30"
185756,"Latitude E7240",Notebook,"i7 4600U@2.1GHz",329.99,B07116R1GY,"2019-07-08 17:54:07"
185752,"Latitude E7240",Notebook,"i7 4600U@2.1GHz",329.99,B07116R1GY,"2019-07-08 18:00:47"
185779,"Latitude E7240",Notebook,"i7 4600U@2.1GHz",329.99,B07116R1GY,"2019-07-08 18:02:44"
188403,"Latitude E6430",Notebook,"i5 3320M@2.6GHz",244.98,B01M293O5P,"2019-07-08 19:32:04"
188598,"Latitude E6430",Notebook,"i5 3320M@2.6GHz",244.98,B01M293O5P,"2019-07-08 19:32:53"
188727,"Latitude E6430",Notebook,"i5 3320M@2.6GHz",244.98,B01M293O5P,"2019-07-08 19:33:24"
188726,"Latitude E6430",Notebook,"i5 3320M@2.6GHz",244.98,B01M293O5P,"2019-07-08 19:34:15"
188719,"Latitude E6430",Notebook,"i5 3320M@2.6GHz",244.98,B01M293O5P,"2019-07-08 19:34:54"
162476,"Latitude E6430",Notebook,"i5 3320M@2.6GHz",244.98,B01M293O5P,"2019-07-08 19:35:35"
188721,"Latitude E6430",Notebook,"i5 3320M@2.6GHz",244.98,B01M293O5P,"2019-07-08 19:36:11"
188723,"Latitude E6430",Notebook,"i5 3320M@2.6GHz",244.98,B01M293O5P,"2019-07-08 19:37:12"
188722,"Latitude E6430",Notebook,"i5 3320M@2.6GHz",244.98,B01M293O5P,"2019-07-08 19:38:05"
188597,"Latitude E6430",Notebook,"i5 3320M@2.6GHz",244.98,B01M293O5P,"2019-07-08 20:16:39"
186348,"Latitude E6430",Notebook,"i5 3320M@2.6GHz",244.98,B01M293O5P,"2019-07-08 20:17:30"
185768,"Latitude E6420",Notebook,"i5 2520M,2540M@<2.5GHz",204.98,B00VKL0I96,"2019-07-08 20:18:30"
186347,"Latitude E6420",Notebook,"i5 2520M,2540M@<2.5GHz",204.98,B00VKL0I96,"2019-07-08 20:18:59"
186233,"Latitude E6420",Notebook,"i5 2520M,2540M@<2.5GHz",204.98,B00VKL0I96,"2019-07-08 20:19:37"
186350,"Latitude E6420",Notebook,"i5 2520M,2540M@<2.5GHz",204.98,B00VKL0I96,"2019-07-08 20:20:07"
188720,"Latitude E6420",Notebook,"i5 2520M,2540M@<2.5GHz",204.98,B00VKL0I96,"2019-07-08 20:20:55"
186349,"Latitude E6420",Notebook,"i5 2520M,2540M@<2.5GHz",204.98,B00VKL0I96,"2019-07-08 20:21:34"
188988,"Surface Pro 3",Tablet,"i5 4300U@1.9GHz",394.99,B00VU1XDDO,"2019-07-09 14:22:33"
189080,"Surface Pro 3",Tablet,"i5 4300U@1.9GHz",394.99,B00VU1XDDO,"2019-07-09 14:25:52"
189127,"Surface Pro 3",Tablet,"i5 4300U@1.9GHz",394.99,B00VU1XDDO,"2019-07-09 14:35:06"
189056,"Surface Pro 3",Tablet,"i5 4300U@1.9GHz",394.99,B00VU1XDDO,"2019-07-09 14:36:48"
189015,"Surface Pro 3",Tablet,"i5 4300U@1.9GHz",394.99,B00VU1XDDO,"2019-07-09 14:38:46"
189052,"Surface Pro 3",Tablet,"i5 4300U@1.9GHz",394.99,B00VU1XDDO,"2019-07-09 14:43:32"
189022,"Surface Pro 3",Tablet,"i5 4300U@1.9GHz",394.99,B00VU1XDDO,"2019-07-09 14:44:37"
189103,"Surface Pro 3",Tablet,"i5 4300U@1.9GHz",394.99,B00VU1XDDO,"2019-07-09 15:33:40"
189247,"EliteDesk 800 G1","Ultra Small Form Factor","i5 4570S,4590S,4690S@2.9GHz",233.49,B07F9X6WDQ,"2019-07-09 15:43:38"
183766,"EliteDesk 800 G1","Ultra Small Form Factor","i5 4570S,4590S,4690S@2.9GHz",233.49,B07F9X6WDQ,"2019-07-09 15:44:03"
183652,"EliteDesk 800 G1","Ultra Small Form Factor","i5 4570S,4590S,4690S@2.9GHz",233.49,B07F9X6WDQ,"2019-07-09 15:44:38"
183767,"EliteDesk 800 G1","Ultra Small Form Factor","i5 4570S,4590S,4690S@2.9GHz",169.49,B0733P5MKM,"2019-07-09 15:45:05"
183951,"EliteDesk 800 G1","Ultra Small Form Factor","i5 4570S,4590S,4690S@2.9GHz",233.49,B07F9X6WDQ,"2019-07-09 15:56:17"
183524,"EliteDesk 800 G1","Ultra Small Form Factor","i5 4570S,4590S,4690S@2.9GHz",169.49,B0733P5MKM,"2019-07-09 15:56:46"
183635,"EliteDesk 800 G1","Ultra Small Form Factor","i5 4570S,4590S,4690S@2.9GHz",169.49,B0733P5MKM,"2019-07-09 16:02:18"
183518,"EliteDesk 800 G1","Ultra Small Form Factor","i5 4570S,4590S,4690S@2.9GHz",309.93,B07CXTGCL4,"2019-07-09 16:03:04"
183935,"EliteDesk 800 G1","Ultra Small Form Factor","i5 4570S,4590S,4690S@2.9GHz",309.93,B07CXTGCL4,"2019-07-09 16:03:29"
183634,"EliteDesk 800 G1","Ultra Small Form Factor","i5 4570S,4590S,4690S@2.9GHz",309.93,B07CXTGCL4,"2019-07-09 16:04:04"
183633,"EliteDesk 800 G1","Ultra Small Form Factor","i5 4570S,4590S,4690S@2.9GHz",169.49,B0733P5MKM,"2019-07-09 16:04:28"
183782,"EliteDesk 800 G1","Ultra Small Form Factor","i5 4570S,4590S,4690S@2.9GHz",264.21,B07F16YSRD,"2019-07-09 16:05:21"
183637,"EliteDesk 800 G1","Ultra Small Form Factor","i5 4570S,4590S,4690S@2.9GHz",233.49,B07F9X6WDQ,"2019-07-09 16:06:25"
183523,"EliteDesk 800 G1","Ultra Small Form Factor","i5 4570S,4590S,4690S@2.9GHz",309.93,B07CXTGCL4,"2019-07-09 16:06:50"
183541,"EliteDesk 800 G1","Ultra Small Form Factor","i5 4570S,4590S,4690S@2.9GHz",264.21,B07F16YSRD,"2019-07-09 16:07:15"
183946,"EliteDesk 800 G1","Ultra Small Form Factor","i5 4570S,4590S,4690S@2.9GHz",309.93,B07CXTGCL4,"2019-07-09 16:10:27"
183934,"EliteDesk 800 G1","Small Form Factor","i5 4570,4590@3.2GHz",165,B074VF7XJX,"2019-07-09 16:10:51"
183514,"EliteDesk 800 G1","Ultra Small Form Factor","i5 4570S,4590S,4690S@2.9GHz",233.49,B07F9X6WDQ,"2019-07-09 16:11:22"
183503,"EliteDesk 800 G1","Ultra Small Form Factor","i5 4570S,4590S,4690S@2.9GHz",233.49,B07F9X6WDQ,"2019-07-09 16:11:45"
183765,"EliteDesk 800 G1","Ultra Small Form Factor","i5 4570S,4590S,4690S@2.9GHz",169.49,B0733P5MKM,"2019-07-09 16:13:55"
183943,"EliteDesk 800 G1","Ultra Small Form Factor","i5 4570S,4590S,4690S@2.9GHz",309.93,B07CXTGCL4,"2019-07-09 16:14:19"
183432,"EliteDesk 800 G1","Ultra Small Form Factor","i5 4570S,4590S,4690S@2.9GHz",309.93,B07CXTGCL4,"2019-07-09 16:14:43"
183933,"EliteDesk 800 G1","Ultra Small Form Factor","i5 4570S,4590S,4690S@2.9GHz",233.49,B07F9X6WDQ,"2019-07-09 16:16:38"
183780,"EliteDesk 800 G1","Ultra Small Form Factor","i5 4570S,4590S,4690S@2.9GHz",264.21,B07F16YSRD,"2019-07-09 16:19:50"
183421,"EliteDesk 800 G1","Ultra Small Form Factor","i5 4570S,4590S,4690S@2.9GHz",169.49,B0733P5MKM,"2019-07-09 16:20:14"
183787,"EliteDesk 800 G1","Ultra Small Form Factor","i5 4570S,4590S,4690S@2.9GHz",233.49,B07F9X6WDQ,"2019-07-09 16:20:42"
183429,"EliteDesk 800 G1","Ultra Small Form Factor","i5 4570S,4590S,4690S@2.9GHz",169.49,B0733P5MKM,"2019-07-09 16:21:12"
183538,"EliteDesk 800 G1","Ultra Small Form Factor","i5 4570S,4590S,4690S@2.9GHz",169.49,B0733P5MKM,"2019-07-09 16:23:13"
183521,"EliteDesk 800 G1","Ultra Small Form Factor","i5 4570S,4590S,4690S@2.9GHz",264.21,B07F16YSRD,"2019-07-09 16:23:37"
183647,"EliteDesk 800 G1","Ultra Small Form Factor","i5 4570S,4590S,4690S@2.9GHz",169.49,B0733P5MKM,"2019-07-09 16:25:18"
183504,"EliteDesk 800 G1","Ultra Small Form Factor","i5 4570S,4590S,4690S@2.9GHz",233.49,B07F9X6WDQ,"2019-07-09 16:26:06"
183944,"EliteDesk 800 G1","Ultra Small Form Factor","i5 4570S,4590S,4690S@2.9GHz",233.49,B07F9X6WDQ,"2019-07-09 16:28:04"
183939,"EliteDesk 800 G1","Ultra Small Form Factor","i5 4570S,4590S,4690S@2.9GHz",309.93,B07CXTGCL4,"2019-07-09 16:48:37"
183424,"EliteDesk 800 G1","Ultra Small Form Factor","i5 4570S,4590S,4690S@2.9GHz",309.93,B07CXTGCL4,"2019-07-09 16:48:59"
183640,"EliteDesk 800 G1","Ultra Small Form Factor","i5 4570S,4590S,4690S@2.9GHz",233.49,B07F9X6WDQ,"2019-07-09 16:49:23"
183419,"EliteDesk 800 G1","Ultra Small Form Factor","i5 4570S,4590S,4690S@2.9GHz",233.49,B07F9X6WDQ,"2019-07-09 16:51:00"
183433,"EliteDesk 800 G1","Ultra Small Form Factor","i5 4570S,4590S,4690S@2.9GHz",233.49,B07F9X6WDQ,"2019-07-09 16:52:01"
183434,"EliteDesk 800 G1","Ultra Small Form Factor","i5 4570S,4590S,4690S@2.9GHz",169.49,B0733P5MKM,"2019-07-09 16:52:26"
183624,"EliteDesk 800 G1","Ultra Small Form Factor","i5 4570S,4590S,4690S@2.9GHz",233.49,B07F9X6WDQ,"2019-07-09 16:52:49"
183431,"EliteDesk 800 G1","Ultra Small Form Factor","i5 4570S,4590S,4690S@2.9GHz",309.93,B07CXTGCL4,"2019-07-09 16:53:12"
183953,"EliteDesk 800 G1","Ultra Small Form Factor","i5 4570S,4590S,4690S@2.9GHz",169.49,B0733P5MKM,"2019-07-09 16:53:36"
183438,"EliteDesk 800 G1","Ultra Small Form Factor","i5 4570S,4590S,4690S@2.9GHz",169.49,B0733P5MKM,"2019-07-09 16:53:59"
183760,"EliteDesk 800 G1","Ultra Small Form Factor","i5 4570S,4590S,4690S@2.9GHz",233.49,B07F9X6WDQ,"2019-07-09 16:55:24"
183936,"EliteDesk 800 G1","Ultra Small Form Factor","i5 4570S,4590S,4690S@2.9GHz",233.49,B07F9X6WDQ,"2019-07-09 16:56:48"
183649,"EliteDesk 800 G1","Ultra Small Form Factor","i5 4570S,4590S,4690S@2.9GHz",233.49,B07F9X6WDQ,"2019-07-09 16:58:32"
183444,"EliteDesk 800 G1","Ultra Small Form Factor","i5 4570S,4590S,4690S@2.9GHz",233.49,B07F9X6WDQ,"2019-07-09 16:58:56"
183439,"EliteDesk 800 G1","Ultra Small Form Factor","i5 4570S,4590S,4690S@2.9GHz",233.49,B07F9X6WDQ,"2019-07-09 16:59:19"
183442,"EliteDesk 800 G1","Ultra Small Form Factor","i5 4570S,4590S,4690S@2.9GHz",309.93,B07CXTGCL4,"2019-07-09 16:59:41"
183779,"EliteDesk 800 G1","Ultra Small Form Factor","i5 4570S,4590S,4690S@2.9GHz",233.49,B07F9X6WDQ,"2019-07-09 17:00:05"
183648,"EliteDesk 800 G1","Ultra Small Form Factor","i5 4570S,4590S,4690S@2.9GHz",169.49,B0733P5MKM,"2019-07-09 17:00:27"
183507,"EliteDesk 800 G1","Ultra Small Form Factor","i5 4570S,4590S,4690S@2.9GHz",233.49,B07F9X6WDQ,"2019-07-09 17:01:36"
183794,"EliteDesk 800 G1","Ultra Small Form Factor","i5 4570S,4590S,4690S@2.9GHz",169.49,B0733P5MKM,"2019-07-09 17:04:39"
183778,"EliteDesk 800 G1","Small Form Factor","i5 4570,4590@3.2GHz",165,B074VF7XJX,"2019-07-09 17:05:03"
183533,"EliteDesk 800 G1","Ultra Small Form Factor","i5 4570S,4590S,4690S@2.9GHz",169.49,B0733P5MKM,"2019-07-09 17:07:22"
183414,"EliteDesk 800 G1","Ultra Small Form Factor","i5 4570S,4590S,4690S@2.9GHz",233.49,B07F9X6WDQ,"2019-07-09 17:07:46"
183932,"EliteDesk 800 G1","Ultra Small Form Factor","i5 4570S,4590S,4690S@2.9GHz",169.49,B0733P5MKM,"2019-07-09 17:08:13"
183441,"EliteDesk 800 G1","Ultra Small Form Factor","i5 4570S,4590S,4690S@2.9GHz",309.93,B07CXTGCL4,"2019-07-09 17:08:37"
183535,"EliteDesk 800 G1","Ultra Small Form Factor","i5 4570S,4590S,4690S@2.9GHz",233.49,B07F9X6WDQ,"2019-07-09 17:09:50"
183947,"EliteDesk 800 G1","Ultra Small Form Factor","i5 4570S,4590S,4690S@2.9GHz",233.49,B07F9X6WDQ,"2019-07-09 18:57:05"
183925,"EliteDesk 800 G1","Ultra Small Form Factor","i5 4570S,4590S,4690S@2.9GHz",233.49,B07F9X6WDQ,"2019-07-09 18:57:28"
183510,"EliteDesk 800 G1","Ultra Small Form Factor","i5 4570S,4590S,4690S@2.9GHz",264.21,B07F16YSRD,"2019-07-09 18:58:14"
183511,"EliteDesk 800 G1","Ultra Small Form Factor","i5 4570S,4590S,4690S@2.9GHz",264.21,B07F16YSRD,"2019-07-09 18:59:34"
183517,"EliteDesk 800 G1","Ultra Small Form Factor","i5 4570S,4590S,4690S@2.9GHz",233.49,B07F9X6WDQ,"2019-07-09 19:00:25"
183412,"EliteDesk 800 G1","Ultra Small Form Factor","i5 4570S,4590S,4690S@2.9GHz",233.49,B07F9X6WDQ,"2019-07-09 19:01:17"
183785,"EliteDesk 800 G1","Ultra Small Form Factor","i5 4570S,4590S,4690S@2.9GHz",264.21,B07F16YSRD,"2019-07-09 19:02:45"
183924,"EliteDesk 800 G1","Small Form Factor","i5 4570,4590@3.2GHz",165,B074VF7XJX,"2019-07-09 19:03:12"
183506,"EliteDesk 800 G1","Ultra Small Form Factor","i5 4570S,4590S,4690S@2.9GHz",233.49,B07F9X6WDQ,"2019-07-09 19:03:36"
183781,"EliteDesk 800 G1","Ultra Small Form Factor","i5 4570S,4590S,4690S@2.9GHz",233.49,B07F9X6WDQ,"2019-07-09 19:04:47"
183922,"EliteDesk 800 G1","Ultra Small Form Factor","i5 4570S,4590S,4690S@2.9GHz",233.49,B07F9X6WDQ,"2019-07-09 19:05:36"
183626,"EliteDesk 800 G1","Ultra Small Form Factor","i5 4570S,4590S,4690S@2.9GHz",233.49,B07F9X6WDQ,"2019-07-09 19:06:57"
183777,"EliteDesk 800 G1","Ultra Small Form Factor","i5 4570S,4590S,4690S@2.9GHz",309.93,B07CXTGCL4,"2019-07-09 19:07:39"
183428,"EliteDesk 800 G1","Ultra Small Form Factor","i5 4570S,4590S,4690S@2.9GHz",264.21,B07F16YSRD,"2019-07-09 19:08:29"
183937,"EliteDesk 800 G1","Ultra Small Form Factor","i5 4570S,4590S,4690S@2.9GHz",233.49,B07F9X6WDQ,"2019-07-09 19:08:53"
183950,"EliteDesk 800 G1","Ultra Small Form Factor","i5 4570S,4590S,4690S@2.9GHz",169.49,B0733P5MKM,"2019-07-09 19:09:21"
183532,"EliteDesk 800 G1","Ultra Small Form Factor","i5 4570S,4590S,4690S@2.9GHz",233.49,B07F9X6WDQ,"2019-07-09 19:11:43"
183952,"EliteDesk 800 G1","Ultra Small Form Factor","i5 4570S,4590S,4690S@2.9GHz",233.49,B07F9X6WDQ,"2019-07-09 19:12:08"
183928,"EliteDesk 800 G1","Ultra Small Form Factor","i5 4570S,4590S,4690S@2.9GHz",233.49,B07F9X6WDQ,"2019-07-09 19:12:37"
183940,"EliteDesk 800 G1","Ultra Small Form Factor","i5 4570S,4590S,4690S@2.9GHz",169.49,B0733P5MKM,"2019-07-09 19:15:31"
183415,"EliteDesk 800 G1","Ultra Small Form Factor","i5 4570S,4590S,4690S@2.9GHz",233.49,B07F9X6WDQ,"2019-07-09 19:17:24"
183654,"EliteDesk 800 G1","Ultra Small Form Factor","i5 4570S,4590S,4690S@2.9GHz",309.93,B07CXTGCL4,"2019-07-09 19:18:32"
183931,"EliteDesk 800 G1","Ultra Small Form Factor","i5 4570S,4590S,4690S@2.9GHz",309.93,B07CXTGCL4,"2019-07-09 19:19:09"
183792,"EliteDesk 800 G1","Ultra Small Form Factor","i5 4570S,4590S,4690S@2.9GHz",233.49,B07F9X6WDQ,"2019-07-09 19:19:33"
183436,"EliteDesk 800 G1","Ultra Small Form Factor","i5 4570S,4590S,4690S@2.9GHz",264.21,B07F16YSRD,"2019-07-09 19:19:56"
183769,"EliteDesk 800 G1","Ultra Small Form Factor","i5 4570S,4590S,4690S@2.9GHz",233.49,B07F9X6WDQ,"2019-07-09 19:20:49"
183921,"EliteDesk 800 G1","Ultra Small Form Factor","i5 4570S,4590S,4690S@2.9GHz",233.49,B07F9X6WDQ,"2019-07-09 19:21:38"
183949,"EliteDesk 800 G1","Ultra Small Form Factor","i5 4570S,4590S,4690S@2.9GHz",309.93,B07CXTGCL4,"2019-07-09 19:22:08"
183629,"EliteDesk 800 G1","Ultra Small Form Factor","i5 4570S,4590S,4690S@2.9GHz",233.49,B07F9X6WDQ,"2019-07-09 19:22:36"
183430,"EliteDesk 800 G1","Small Form Factor","i5 4570,4590@3.2GHz",165,B074VF7XJX,"2019-07-09 19:30:46"
183627,"EliteDesk 800 G1","Ultra Small Form Factor","i5 4570S,4590S,4690S@2.9GHz",233.49,B07F9X6WDQ,"2019-07-09 19:33:34"
183761,"EliteDesk 800 G1","Ultra Small Form Factor","i5 4570S,4590S,4690S@2.9GHz",264.21,B07F16YSRD,"2019-07-09 19:34:01"
183519,"EliteDesk 800 G1","Ultra Small Form Factor","i5 4570S,4590S,4690S@2.9GHz",233.49,B07F9X6WDQ,"2019-07-09 19:34:26"
183527,"EliteDesk 800 G1","Ultra Small Form Factor","i5 4570S,4590S,4690S@2.9GHz",233.49,B07F9X6WDQ,"2019-07-09 19:35:18"
183526,"EliteDesk 800 G1","Ultra Small Form Factor","i5 4570S,4590S,4690S@2.9GHz",233.49,B07F9X6WDQ,"2019-07-09 19:36:21"
183516,"EliteDesk 800 G1","Ultra Small Form Factor","i5 4570S,4590S,4690S@2.9GHz",309.93,B07CXTGCL4,"2019-07-09 19:38:04"
183525,"EliteDesk 800 G1","Ultra Small Form Factor","i5 4570S,4590S,4690S@2.9GHz",169.49,B0733P5MKM,"2019-07-09 19:38:28"
183437,"EliteDesk 800 G1","Ultra Small Form Factor","i5 4570S,4590S,4690S@2.9GHz",233.49,B07F9X6WDQ,"2019-07-09 19:40:25"
183655,"EliteDesk 800 G1","Small Form Factor","i5 4570,4590@3.2GHz",165,B074VF7XJX,"2019-07-09 19:40:49"
183537,"EliteDesk 800 G1","Ultra Small Form Factor","i5 4570S,4590S,4690S@2.9GHz",233.49,B07F9X6WDQ,"2019-07-09 19:41:14"
183656,"EliteDesk 800 G1","Ultra Small Form Factor","i5 4570S,4590S,4690S@2.9GHz",169.49,B0733P5MKM,"2019-07-09 19:41:40"
183926,"EliteDesk 800 G1","Ultra Small Form Factor","i5 4570S,4590S,4690S@2.9GHz",264.21,B07F16YSRD,"2019-07-09 19:42:17"
183534,"EliteDesk 800 G1","Ultra Small Form Factor","i5 4570S,4590S,4690S@2.9GHz",309.93,B07CXTGCL4,"2019-07-09 20:12:56"
183423,"EliteDesk 800 G1","Ultra Small Form Factor","i5 4570S,4590S,4690S@2.9GHz",309.93,B07CXTGCL4,"2019-07-09 20:13:20"
183522,"EliteDesk 800 G1","Ultra Small Form Factor","i5 4570S,4590S,4690S@2.9GHz",233.49,B07F9X6WDQ,"2019-07-09 20:14:10"
183948,"EliteDesk 800 G1","Ultra Small Form Factor","i5 4570S,4590S,4690S@2.9GHz",233.49,B07F9X6WDQ,"2019-07-09 20:15:54"
183795,"EliteDesk 800 G1","Ultra Small Form Factor","i5 4570S,4590S,4690S@2.9GHz",169.49,B0733P5MKM,"2019-07-09 21:29:02"
183770,"EliteDesk 800 G1","Ultra Small Form Factor","i5 4570S,4590S,4690S@2.9GHz",264.21,B07F16YSRD,"2019-07-09 21:29:31"
183796,"EliteDesk 800 G1","Ultra Small Form Factor","i5 4570S,4590S,4690S@2.9GHz",169.49,B0733P5MKM,"2019-07-09 21:29:56"
183622,"EliteDesk 800 G1","Ultra Small Form Factor","i5 4570S,4590S,4690S@2.9GHz",233.49,B07F9X6WDQ,"2019-07-09 21:30:34"
183509,"EliteDesk 800 G1","Ultra Small Form Factor","i5 4570S,4590S,4690S@2.9GHz",233.49,B07F9X6WDQ,"2019-07-09 21:35:05"
183786,"EliteDesk 800 G1","Ultra Small Form Factor","i5 4570S,4590S,4690S@2.9GHz",169.49,B0733P5MKM,"2019-07-09 22:13:34"
191871,"Elite 6300","Small Form Factor","i3 3220@3.3GHz",123.99,B01GU6HLH2,"2019-07-10 15:21:47"
191891,"Elite 6300","Small Form Factor","i3 3220@3.3GHz",123.99,B01GU6HLH2,"2019-07-10 15:25:23"
191872,"Elite 6300","Small Form Factor","i3 3220@3.3GHz",123.99,B01GU6HLH2,"2019-07-10 16:12:06"
192390,"ProDesk 600 G1","Small Form Factor","i3 4130,4160@3.4GHz",149.89,B077MSZ9P3,"2019-07-10 16:53:28"
191660,"Elite 6300","Small Form Factor","i3 3220@3.3GHz",123.99,B01GU6HLH2,"2019-07-10 18:18:00"
191666,"Elite 6300","Small Form Factor","i3 3220@3.3GHz",123.99,B01GU6HLH2,"2019-07-10 18:18:23"
191720,"Elite 6300","Small Form Factor","i3 3220@3.3GHz",123.99,B01GU6HLH2,"2019-07-10 18:19:43"
191657,"Elite 6300","Small Form Factor","i3 3220@3.3GHz",123.99,B01GU6HLH2,"2019-07-10 18:38:10"
191672,"Elite 6300","Small Form Factor","i3 3220@3.3GHz",123.99,B01GU6HLH2,"2019-07-10 18:38:34"
191682,"Elite 6300","Small Form Factor","i3 3220@3.3GHz",123.99,B01GU6HLH2,"2019-07-10 18:41:22"
191676,"Elite 6300","Small Form Factor","i3 3220@3.3GHz",123.99,B01GU6HLH2,"2019-07-10 18:42:31"
191681,"Elite 6300","Small Form Factor","i3 3220@3.3GHz",123.99,B01GU6HLH2,"2019-07-10 18:42:54"
191705,"Elite 6300","Small Form Factor","i3 3220@3.3GHz",123.99,B01GU6HLH2,"2019-07-10 18:47:54"
191706,"Elite 6300","Small Form Factor","i3 3220@3.3GHz",123.99,B01GU6HLH2,"2019-07-10 18:53:01"
191675,"Elite 6300","Small Form Factor","i3 3220@3.3GHz",123.99,B01GU6HLH2,"2019-07-10 18:55:31"
191739,"Elite 6300","Small Form Factor","i3 3220@3.3GHz",123.99,B01GU6HLH2,"2019-07-10 20:20:09"
191658,"Elite 6300","Small Form Factor","i3 3220@3.3GHz",123.99,B01GU6HLH2,"2019-07-10 20:20:58"
191710,"Elite 6300","Small Form Factor","i3 3220@3.3GHz",123.99,B01GU6HLH2,"2019-07-10 20:22:42"
191659,"Elite 6300","Small Form Factor","i3 3220@3.3GHz",123.99,B01GU6HLH2,"2019-07-10 20:23:28"
191728,"Elite 6300","Small Form Factor","i3 3220@3.3GHz",123.99,B01GU6HLH2,"2019-07-10 20:28:41"
191662,"Elite 6300","Small Form Factor","i3 3220@3.3GHz",123.99,B01GU6HLH2,"2019-07-10 20:29:52"
191699,"Elite 6300","Small Form Factor","i3 3220@3.3GHz",123.99,B01GU6HLH2,"2019-07-10 21:08:00"
191693,"Elite 6300","Small Form Factor","i3 3220@3.3GHz",123.99,B01GU6HLH2,"2019-07-10 21:08:22"
191691,"Elite 6300","Small Form Factor","i3 3220@3.3GHz",123.99,B01GU6HLH2,"2019-07-10 21:08:44"
191700,"Elite 6300","Small Form Factor","i3 3220@3.3GHz",123.99,B01GU6HLH2,"2019-07-10 21:09:30"
191719,"Elite 6300","Small Form Factor","i3 3220@3.3GHz",123.99,B01GU6HLH2,"2019-07-10 21:09:53"
191746,"Elite 6300","Small Form Factor","i3 3220@3.3GHz",123.99,B01GU6HLH2,"2019-07-10 21:11:00"
191711,"Elite 6300","Small Form Factor","i3 3220@3.3GHz",123.99,B01GU6HLH2,"2019-07-10 21:12:03"
191734,"Elite 6300","Small Form Factor","i3 3220@3.3GHz",123.99,B01GU6HLH2,"2019-07-10 21:14:53"
191664,"Elite 6300","Small Form Factor","i3 3220@3.3GHz",123.99,B01GU6HLH2,"2019-07-10 21:16:29"
191733,"Elite 6300","Small Form Factor","i3 3220@3.3GHz",123.99,B01GU6HLH2,"2019-07-10 21:16:55"
191709,"ProDesk 600 G1","Small Form Factor","i3 4130,4160@3.4GHz",149.89,B077MSZ9P3,"2019-07-10 21:26:48"
192049,"ProDesk 600 G1","Small Form Factor","i3 4130,4160@3.4GHz",149.89,B077MSZ9P3,"2019-07-10 21:53:50"
192445,"ProDesk 600 G1","Small Form Factor","i3 4130,4160@3.4GHz",149.89,B077MSZ9P3,"2019-07-11 16:19:51"
192443,"ProDesk 600 G1","Small Form Factor","i3 4130,4160@3.4GHz",149.89,B077MSZ9P3,"2019-07-11 16:20:11"
192389,"ProDesk 600 G1","Small Form Factor","i3 4130,4160@3.4GHz",149.89,B077MSZ9P3,"2019-07-11 16:20:33"
192391,"ProDesk 600 G1","Small Form Factor","i3 4130,4160@3.4GHz",149.89,B077MSZ9P3,"2019-07-11 16:20:58"
192386,"ProDesk 600 G1","Small Form Factor","i3 4130,4160@3.4GHz",149.89,B077MSZ9P3,"2019-07-11 16:21:21"
192454,"ProDesk 600 G1","Small Form Factor","i3 4130,4160@3.4GHz",149.89,B077MSZ9P3,"2019-07-11 16:23:26"
192448,"ProDesk 600 G1","Small Form Factor","i3 4130,4160@3.4GHz",149.89,B077MSZ9P3,"2019-07-11 16:23:47"
192388,"ProDesk 600 G1","Small Form Factor","i3 4130,4160@3.4GHz",149.89,B077MSZ9P3,"2019-07-11 16:24:32"
192381,"ProDesk 600 G1","Small Form Factor","i3 4130,4160@3.4GHz",149.89,B077MSZ9P3,"2019-07-11 16:25:39"
192446,"ProDesk 600 G1","Small Form Factor","i3 4130,4160@3.4GHz",149.89,B077MSZ9P3,"2019-07-11 16:26:01"
192451,"ProDesk 600 G1","Small Form Factor","i3 4130,4160@3.4GHz",149.89,B077MSZ9P3,"2019-07-11 16:26:24"
192394,"Elite 6300","Small Form Factor","i3 3220@3.3GHz",123.99,B01GU6HLH2,"2019-07-11 17:00:36"
192396,"Elite 6300","Small Form Factor","i3 3220@3.3GHz",123.99,B01GU6HLH2,"2019-07-11 17:01:01"
192441,"Elite 6300","Small Form Factor","i3 3220@3.3GHz",123.99,B01GU6HLH2,"2019-07-11 17:03:32"
192051,"ProDesk 600 G1","Small Form Factor","i3 4130,4160@3.4GHz",149.89,B077MSZ9P3,"2019-07-11 17:23:40"
192050,"ProDesk 600 G1","Small Form Factor","i3 4130,4160@3.4GHz",149.89,B077MSZ9P3,"2019-07-11 17:24:05"
189769,"ProDesk 600 G1","Small Form Factor","i3 4130,4160@3.4GHz",149.89,B077MSZ9P3,"2019-07-11 18:02:44"
189756,"ProDesk 600 G1","Small Form Factor","i3 4130,4160@3.4GHz",149.89,B077MSZ9P3,"2019-07-11 18:04:50"
189795,"ProDesk 600 G1","Small Form Factor","i3 4130,4160@3.4GHz",149.89,B077MSZ9P3,"2019-07-11 18:07:41"
189785,"ProDesk 600 G1","Small Form Factor","i3 4130,4160@3.4GHz",149.89,B077MSZ9P3,"2019-07-11 18:08:31"
189823,"ProDesk 600 G1","Small Form Factor","i3 4130,4160@3.4GHz",149.89,B077MSZ9P3,"2019-07-11 18:11:15"
189794,"ProDesk 600 G1","Small Form Factor","i3 4130,4160@3.4GHz",149.89,B077MSZ9P3,"2019-07-11 18:11:52"
189821,"ProDesk 600 G1","Small Form Factor","i3 4130,4160@3.4GHz",149.89,B077MSZ9P3,"2019-07-11 18:12:46"
189820,"ProDesk 600 G1","Small Form Factor","i3 4130,4160@3.4GHz",149.89,B077MSZ9P3,"2019-07-11 18:13:41"
190018,"Elite 6300","Small Form Factor","i3 3220@3.3GHz",123.99,B01GU6HLH2,"2019-07-11 19:28:23"
190020,"Elite 6300","Small Form Factor","i3 3220@3.3GHz",123.99,B01GU6HLH2,"2019-07-11 19:28:45"
189798,"Elite 6300","Small Form Factor","i3 3220@3.3GHz",123.99,B01GU6HLH2,"2019-07-11 19:29:31"
189828,"ProDesk 600 G1","Small Form Factor","i3 4130,4160@3.4GHz",149.89,B077MSZ9P3,"2019-07-12 14:30:31"
183651,"EliteDesk 800 G1","Ultra Small Form Factor","i5 4570S,4590S,4690S@2.9GHz",309.93,B07CXTGCL4,"2019-07-12 16:02:49"
183789,"EliteDesk 800 G1","Ultra Small Form Factor","i5 4570S,4590S,4690S@2.9GHz",309.93,B07CXTGCL4,"2019-07-12 16:03:31"
183426,"EliteDesk 800 G1","Ultra Small Form Factor","i5 4570S,4590S,4690S@2.9GHz",309.93,B07CXTGCL4,"2019-07-12 16:03:53"
189248,"EliteDesk 800 G1","Ultra Small Form Factor","i5 4570S,4590S,4690S@2.9GHz",309.93,B07CXTGCL4,"2019-07-12 16:04:28"
189251,"EliteDesk 800 G1","Ultra Small Form Factor","i5 4570S,4590S,4690S@2.9GHz",309.93,B07CXTGCL4,"2019-07-12 16:06:19"
183411,"EliteDesk 800 G1","Ultra Small Form Factor","i5 4570S,4590S,4690S@2.9GHz",309.93,B07CXTGCL4,"2019-07-12 16:06:42"
183502,"EliteDesk 800 G1","Ultra Small Form Factor","i5 4570S,4590S,4690S@2.9GHz",309.93,B07CXTGCL4,"2019-07-12 16:07:17"
183638,"EliteDesk 800 G1","Ultra Small Form Factor","i5 4570S,4590S,4690S@2.9GHz",309.93,B07CXTGCL4,"2019-07-12 16:07:48"
183420,"EliteDesk 800 G1","Ultra Small Form Factor","i5 4570S,4590S,4690S@2.9GHz",309.93,B07CXTGCL4,"2019-07-12 16:08:16"
183788,"EliteDesk 800 G1","Ultra Small Form Factor","i5 4570S,4590S,4690S@2.9GHz",309.93,B07CXTGCL4,"2019-07-12 16:08:54"
183416,"EliteDesk 800 G1","Ultra Small Form Factor","i5 4570S,4590S,4690S@2.9GHz",309.93,B07CXTGCL4,"2019-07-12 16:09:24"
183632,"EliteDesk 800 G1","Ultra Small Form Factor","i5 4570S,4590S,4690S@2.9GHz",309.93,B07CXTGCL4,"2019-07-12 16:09:47"
183774,"EliteDesk 800 G1","Ultra Small Form Factor","i5 4570S,4590S,4690S@2.9GHz",309.93,B07CXTGCL4,"2019-07-12 16:10:15"
189250,"EliteDesk 800 G1","Ultra Small Form Factor","i5 4570S,4590S,4690S@2.9GHz",309.93,B07CXTGCL4,"2019-07-12 16:12:07"
189253,"EliteDesk 800 G1","Ultra Small Form Factor","i5 4570S,4590S,4690S@2.9GHz",309.93,B07CXTGCL4,"2019-07-12 16:13:00"
189808,"EliteDesk 800 G1","Ultra Small Form Factor","i5 4570S,4590S,4690S@2.9GHz",309.93,B07CXTGCL4,"2019-07-12 17:12:45"
189763,"EliteDesk 800 G1","Ultra Small Form Factor","i5 4570S,4590S,4690S@2.9GHz",309.93,B07CXTGCL4,"2019-07-12 17:16:36"
190089,"EliteDesk 800 G1","Ultra Small Form Factor","i5 4570S,4590S,4690S@2.9GHz",309.93,B07CXTGCL4,"2019-07-12 17:16:57"
189996,"EliteDesk 800 G1","Ultra Small Form Factor","i5 4570S,4590S,4690S@2.9GHz",309.93,B07CXTGCL4,"2019-07-12 17:17:19"
190003,"EliteDesk 800 G1","Ultra Small Form Factor","i5 4570S,4590S,4690S@2.9GHz",309.93,B07CXTGCL4,"2019-07-12 17:18:09"
190025,"EliteDesk 800 G1","Ultra Small Form Factor","i5 4570S,4590S,4690S@2.9GHz",309.93,B07CXTGCL4,"2019-07-12 17:21:12"
189991,"EliteDesk 800 G1","Ultra Small Form Factor","i5 4570S,4590S,4690S@2.9GHz",309.93,B07CXTGCL4,"2019-07-12 17:21:34"
189764,"EliteDesk 800 G1","Ultra Small Form Factor","i5 4570S,4590S,4690S@2.9GHz",309.93,B07CXTGCL4,"2019-07-12 17:21:56"
189837,"EliteDesk 800 G1","Ultra Small Form Factor","i5 4570S,4590S,4690S@2.9GHz",309.93,B07CXTGCL4,"2019-07-12 17:22:17"
190048,"EliteDesk 800 G1","Ultra Small Form Factor","i5 4570S,4590S,4690S@2.9GHz",309.93,B07CXTGCL4,"2019-07-12 17:22:42"
189838,"EliteDesk 800 G1","Ultra Small Form Factor","i5 4570S,4590S,4690S@2.9GHz",309.93,B07CXTGCL4,"2019-07-12 17:23:03"
189840,"EliteDesk 800 G1","Ultra Small Form Factor","i5 4570S,4590S,4690S@2.9GHz",309.93,B07CXTGCL4,"2019-07-12 17:23:26"
189761,"EliteDesk 800 G1","Ultra Small Form Factor","i5 4570S,4590S,4690S@2.9GHz",309.93,B07CXTGCL4,"2019-07-12 17:23:48"
189802,"EliteDesk 800 G1","Ultra Small Form Factor","i5 4570S,4590S,4690S@2.9GHz",309.93,B07CXTGCL4,"2019-07-12 17:24:10"
190042,"EliteDesk 800 G1","Ultra Small Form Factor","i5 4570S,4590S,4690S@2.9GHz",309.93,B07CXTGCL4,"2019-07-12 17:24:31"
189992,"EliteDesk 800 G1","Ultra Small Form Factor","i5 4570S,4590S,4690S@2.9GHz",309.93,B07CXTGCL4,"2019-07-12 17:24:53"
193537,"Optiplex 990",Desktop,"i5 2400@3.1GHz",143,B076DFQN2P,"2019-07-16 18:47:48"
194785,"Latitude E6430",Notebook,"i5 3320M@2.6GHz",244.98,B01M293O5P,"2019-07-17 17:49:45"
194727,"Latitude E6420",Notebook,"i5 2520M,2540M@<2.5GHz",204.98,B00VKL0I96,"2019-07-17 17:53:06"
194794,"Latitude E6430",Notebook,"i5 3320M@2.6GHz",244.98,B01M293O5P,"2019-07-17 20:30:40"
194824,"Latitude E6430",Notebook,"i5 3320M@2.6GHz",244.98,B01M293O5P,"2019-07-17 20:32:20"
194728,"Latitude E6430",Notebook,"i5 3320M@2.6GHz",244.98,B01M293O5P,"2019-07-17 20:33:17"
194726,"Latitude E6430",Notebook,"i5 3320M@2.6GHz",244.98,B01M293O5P,"2019-07-17 20:33:53"
194734,"Latitude E6430",Notebook,"i5 3320M@2.6GHz",244.98,B01M293O5P,"2019-07-17 20:34:52"
197654,"Optiplex 7010","Small Form Factor","i5 3470,3570,3550,3475S,3570@3.2GHz",156.99,B01HSDJFFM,"2019-07-19 16:52:59"
174636,"Optiplex 7010","Small Form Factor","i5 3470,3570,3550,3475S,3570@3.2GHz",156.99,B01HSDJFFM,"2019-07-19 16:53:50"
197684,"Optiplex 7010","Small Form Factor","i5 3470,3570,3550,3475S,3570@3.2GHz",156.99,B01HSDJFFM,"2019-07-19 16:54:13"
197683,"Optiplex 7010","Small Form Factor","i5 3470,3570,3550,3475S,3570@3.2GHz",156.99,B01HSDJFFM,"2019-07-19 16:54:42"
197685,"Optiplex 7010","Small Form Factor","i5 3470,3570,3550,3475S,3570@3.2GHz",156.99,B01HSDJFFM,"2019-07-19 16:56:13"
197649,"Optiplex 7010","Small Form Factor","i5 3470,3570,3550,3475S,3570@3.2GHz",156.99,B01HSDJFFM,"2019-07-19 16:56:35"
197652,"Optiplex 7010","Small Form Factor","i5 3470,3570,3550,3475S,3570@3.2GHz",156.99,B01HSDJFFM,"2019-07-19 16:58:14"
197667,"Optiplex 7010","Small Form Factor","i5 3470,3570,3550,3475S,3570@3.2GHz",156.99,B01HSDJFFM,"2019-07-19 16:58:41"
197641,"Optiplex 7010","Small Form Factor","i5 3470,3570,3550,3475S,3570@3.2GHz",156.99,B01HSDJFFM,"2019-07-19 16:59:46"
197657,"Optiplex 7010","Small Form Factor","i5 3470,3570,3550,3475S,3570@3.2GHz",156.99,B01HSDJFFM,"2019-07-19 17:00:09"
197634,"Optiplex 7010","Small Form Factor","i5 3470,3570,3550,3475S,3570@3.2GHz",156.99,B01HSDJFFM,"2019-07-19 17:00:37"
197680,"Optiplex 7010","Small Form Factor","i5 3470,3570,3550,3475S,3570@3.2GHz",156.99,B01HSDJFFM,"2019-07-19 17:00:58"
197633,"Optiplex 7010","Small Form Factor","i5 3470,3570,3550,3475S,3570@3.2GHz",156.99,B01HSDJFFM,"2019-07-19 17:01:19"
197647,"Optiplex 7010","Small Form Factor","i5 3470,3570,3550,3475S,3570@3.2GHz",156.99,B01HSDJFFM,"2019-07-19 17:01:41"
197659,"Optiplex 7010","Small Form Factor","i5 3470,3570,3550,3475S,3570@3.2GHz",156.99,B01HSDJFFM,"2019-07-19 17:02:03"
197664,"Optiplex 7010","Small Form Factor","i5 3470,3570,3550,3475S,3570@3.2GHz",156.99,B01HSDJFFM,"2019-07-19 17:02:24"
197676,"Optiplex 7010","Small Form Factor","i5 3470,3570,3550,3475S,3570@3.2GHz",156.99,B01HSDJFFM,"2019-07-19 17:02:45"
174670,"Optiplex 7010","Small Form Factor","i5 3470,3570,3550,3475S,3570@3.2GHz",156.99,B01HSDJFFM,"2019-07-19 17:44:10"
174638,"Optiplex 7010","Small Form Factor","i5 3470,3570,3550,3475S,3570@3.2GHz",156.99,B01HSDJFFM,"2019-07-19 17:44:53"
174669,"Optiplex 7010","Small Form Factor","i5 3470,3570,3550,3475S,3570@3.2GHz",156.99,B01HSDJFFM,"2019-07-19 17:45:17"
174642,"Optiplex 7010","Small Form Factor","i5 3470,3570,3550,3475S,3570@3.2GHz",156.99,B01HSDJFFM,"2019-07-19 17:45:41"
174649,"Optiplex 7010","Small Form Factor","i5 3470,3570,3550,3475S,3570@3.2GHz",156.99,B01HSDJFFM,"2019-07-19 17:46:39"
174634,"Optiplex 7010","Small Form Factor","i5 3470,3570,3550,3475S,3570@3.2GHz",156.99,B01HSDJFFM,"2019-07-19 17:47:20"
174656,"Optiplex 7010","Small Form Factor","i5 3470,3570,3550,3475S,3570@3.2GHz",156.99,B01HSDJFFM,"2019-07-19 17:47:57"
174660,"Optiplex 7010","Small Form Factor","i5 3470,3570,3550,3475S,3570@3.2GHz",156.99,B01HSDJFFM,"2019-07-19 17:48:21"
174655,"Optiplex 7010","Small Form Factor","i5 3470,3570,3550,3475S,3570@3.2GHz",156.99,B01HSDJFFM,"2019-07-19 17:49:09"
174650,"Optiplex 7010","Small Form Factor","i5 3470,3570,3550,3475S,3570@3.2GHz",156.99,B01HSDJFFM,"2019-07-19 17:49:31"
174667,"Optiplex 7010","Small Form Factor","i5 3470,3570,3550,3475S,3570@3.2GHz",156.99,B01HSDJFFM,"2019-07-19 17:50:16"
174651,"Optiplex 7010","Small Form Factor","i5 3470,3570,3550,3475S,3570@3.2GHz",156.99,B01HSDJFFM,"2019-07-19 17:50:41"
174639,"Optiplex 7010","Small Form Factor","i5 3470,3570,3550,3475S,3570@3.2GHz",156.99,B01HSDJFFM,"2019-07-19 17:51:05"
174629,"Optiplex 7010","Small Form Factor","i5 3470,3570,3550,3475S,3570@3.2GHz",156.99,B01HSDJFFM,"2019-07-19 17:51:27"
174630,"Optiplex 7010","Small Form Factor","i5 3470,3570,3550,3475S,3570@3.2GHz",156.99,B01HSDJFFM,"2019-07-19 17:51:48"
174645,"Optiplex 7010","Small Form Factor","i5 3470,3570,3550,3475S,3570@3.2GHz",156.99,B01HSDJFFM,"2019-07-19 17:52:11"
174641,"Optiplex 7010","Small Form Factor","i5 3470,3570,3550,3475S,3570@3.2GHz",156.99,B01HSDJFFM,"2019-07-19 17:52:31"
174640,"Optiplex 7010","Small Form Factor","i5 3470,3570,3550,3475S,3570@3.2GHz",156.99,B01HSDJFFM,"2019-07-19 17:52:54"
174644,"Optiplex 7010","Small Form Factor","i5 3470,3570,3550,3475S,3570@3.2GHz",156.99,B01HSDJFFM,"2019-07-19 17:53:48"
174643,"Optiplex 7010","Small Form Factor","i5 3470,3570,3550,3475S,3570@3.2GHz",156.99,B01HSDJFFM,"2019-07-19 17:55:05"
174648,"Optiplex 7010","Small Form Factor","i5 3470,3570,3550,3475S,3570@3.2GHz",156.99,B01HSDJFFM,"2019-07-19 17:55:28"
174632,"Optiplex 7010","Small Form Factor","i5 3470,3570,3550,3475S,3570@3.2GHz",156.99,B01HSDJFFM,"2019-07-19 17:56:35"
174637,"Optiplex 7010","Small Form Factor","i5 3470,3570,3550,3475S,3570@3.2GHz",156.99,B01HSDJFFM,"2019-07-19 17:57:01"
174666,"Optiplex 7010","Small Form Factor","i5 3470,3570,3550,3475S,3570@3.2GHz",156.99,B01HSDJFFM,"2019-07-19 17:57:24"
174668,"Optiplex 7010","Small Form Factor","i5 3470,3570,3550,3475S,3570@3.2GHz",156.99,B01HSDJFFM,"2019-07-19 17:57:46"
174653,"Optiplex 7010","Small Form Factor","i5 3470,3570,3550,3475S,3570@3.2GHz",156.99,B01HSDJFFM,"2019-07-19 17:58:37"
174631,"Optiplex 7010","Small Form Factor","i5 3470,3570,3550,3475S,3570@3.2GHz",156.99,B01HSDJFFM,"2019-07-19 17:59:00"
174652,"Optiplex 7010","Small Form Factor","i5 3470,3570,3550,3475S,3570@3.2GHz",156.99,B01HSDJFFM,"2019-07-19 17:59:46"
174646,"Optiplex 7010","Small Form Factor","i5 3470,3570,3550,3475S,3570@3.2GHz",156.99,B01HSDJFFM,"2019-07-19 18:00:08"
197564,"Optiplex 7020","Small Form Factor","i5 4590,4690@3.3GHz",193.99,B07CTT3LK2,"2019-07-19 18:26:49"
197567,"Optiplex 7020","Small Form Factor","i5 4590,4690@3.3GHz",193.99,B07CTT3LK2,"2019-07-19 18:28:02"
197563,"Optiplex 7020","Small Form Factor","i5 4590,4690@3.3GHz",193.99,B07CTT3LK2,"2019-07-19 18:28:24"
197565,"Optiplex 7020","Small Form Factor","i5 4590,4690@3.3GHz",193.99,B07CTT3LK2,"2019-07-19 18:29:57"
174662,"Optiplex 7020","Small Form Factor","i5 4590,4690@3.3GHz",193.99,B07CTT3LK2,"2019-07-19 18:30:18"
197566,"Optiplex 7020","Small Form Factor","i5 4590,4690@3.3GHz",193.99,B07CTT3LK2,"2019-07-19 18:30:42"
174664,"Optiplex 7020","Small Form Factor","i5 4590,4690@3.3GHz",193.99,B07CTT3LK2,"2019-07-19 18:31:03"
174657,"Optiplex 7020","Small Form Factor","i5 4590,4690@3.3GHz",193.99,B07CTT3LK2,"2019-07-19 18:31:26"
197681,"Optiplex 7020","Small Form Factor","i5 4590,4690@3.3GHz",193.99,B07CTT3LK2,"2019-07-19 18:32:10"
174658,"Optiplex 7020","Small Form Factor","i5 4590,4690@3.3GHz",193.99,B07CTT3LK2,"2019-07-19 18:32:33"
197670,"Optiplex 7020","Small Form Factor","i5 4590,4690@3.3GHz",193.99,B07CTT3LK2,"2019-07-19 18:33:19"
197660,"Optiplex 9020","Small Form Factor","i5 4570,4590,4690,4670@3.2GHz",230.79,B07CTSFCRR,"2019-07-19 18:44:48"
197682,"Optiplex 9020","Small Form Factor","i5 4570,4590,4690,4670@3.2GHz",230.79,B07CTSFCRR,"2019-07-19 18:45:12"
197688,"Optiplex 9020","Small Form Factor","i5 4570,4590,4690,4670@3.2GHz",230.79,B07CTSFCRR,"2019-07-19 18:45:44"
197668,"Optiplex 9020","Small Form Factor","i5 4570,4590,4690,4670@3.2GHz",230.79,B07CTSFCRR,"2019-07-19 18:46:07"
197638,"Optiplex 9020","Small Form Factor","i5 4570,4590,4690,4670@3.2GHz",230.79,B07CTSFCRR,"2019-07-19 18:47:18"
195349,"Optiplex 990",Desktop,"i5 2400@3.1GHz",143,B076DFQN2P,"2019-07-19 19:01:07"
195938,"Elite 8300","Small Form Factor","i5 3470,3570@3.2GHz",160,B01CV9G1BO,"2019-07-19 21:35:22"
162609,"Latitude E7440",Notebook,"i5 4300U,4310U@1.9GHz",264,B071F49Q2P,"2019-07-23 17:33:59"
162579,"Latitude E7440",Notebook,"i5 4300U,4310U@1.9GHz",264,B071F49Q2P,"2019-07-23 17:35:01"
162673,"Latitude E7440",Notebook,"i5 4300U,4310U@1.9GHz",264,B071F49Q2P,"2019-07-23 17:35:42"
162547,"Latitude E7440",Notebook,"i5 4300U,4310U@1.9GHz",264,B071F49Q2P,"2019-07-23 17:38:51"
162571,"Latitude E7440",Notebook,"i5 4300U,4310U@1.9GHz",264,B071F49Q2P,"2019-07-23 17:39:29"
162574,"Latitude E7440",Notebook,"i5 4300U,4310U@1.9GHz",264,B071F49Q2P,"2019-07-23 17:42:21"
162637,"Latitude E7440",Notebook,"i5 4300U,4310U@1.9GHz",264,B071F49Q2P,"2019-07-23 18:41:47"
162681,"Latitude E6430",Notebook,"i5 3320M@2.6GHz",244.98,B01M293O5P,"2019-07-24 14:52:11"
162677,"Latitude E6430",Notebook,"i5 3320M@2.6GHz",244.98,B01M293O5P,"2019-07-24 14:53:07"
162663,"Latitude E6430",Notebook,"i5 3320M@2.6GHz",244.98,B01M293O5P,"2019-07-24 14:54:02"
162667,"Latitude E6430",Notebook,"i5 3320M@2.6GHz",244.98,B01M293O5P,"2019-07-24 14:54:34"
162565,"Latitude E6430",Notebook,"i5 3320M@2.6GHz",244.98,B01M293O5P,"2019-07-24 14:55:02"
162566,"Latitude E6430",Notebook,"i5 3320M@2.6GHz",244.98,B01M293O5P,"2019-07-24 14:55:27"
162563,"Latitude E6430",Notebook,"i5 3320M@2.6GHz",244.98,B01M293O5P,"2019-07-24 14:59:20"
162564,"Latitude E6430",Notebook,"i5 3320M@2.6GHz",244.98,B01M293O5P,"2019-07-24 14:59:45"
162599,"Latitude E6430",Notebook,"i5 3320M@2.6GHz",244.98,B01M293O5P,"2019-07-24 15:01:54"
162601,"Latitude E6430",Notebook,"i5 3320M@2.6GHz",244.98,B01M293O5P,"2019-07-24 15:02:44"
162672,"Latitude E6430",Notebook,"i5 3320M@2.6GHz",244.98,B01M293O5P,"2019-07-24 15:03:12"
162675,"Latitude E6430",Notebook,"i5 3320M@2.6GHz",244.98,B01M293O5P,"2019-07-24 15:06:24"
162559,"Latitude E6430",Notebook,"i5 3320M@2.6GHz",244.98,B01M293O5P,"2019-07-24 15:07:03"
162598,"Latitude E6420",Notebook,"i5 2520M,2540M@<2.5GHz",204.98,B00VKL0I96,"2019-07-24 15:07:51"
162676,"Latitude E6420",Notebook,"i5 2520M,2540M@<2.5GHz",204.98,B00VKL0I96,"2019-07-24 15:08:19"
162600,"Latitude E6420",Notebook,"i5 2520M,2540M@<2.5GHz",204.98,B00VKL0I96,"2019-07-24 15:08:48"
197710,"Thinkpad T430",Notebook,"i5 3230M,3210M,3320M@3.3GHz",209.9,B01LXCLDRI,"2019-07-24 16:17:42"
197740,"Thinkpad T430",Notebook,"i5 3230M,3210M,3320M@3.3GHz",209.9,B01LXCLDRI,"2019-07-24 16:18:51"
197809,"Thinkpad T430",Notebook,"i5 3230M,3210M,3320M@3.3GHz",209.9,B01LXCLDRI,"2019-07-24 16:19:23"
197720,"Thinkpad T430",Notebook,"i5 3230M,3210M,3320M@3.3GHz",209.9,B01LXCLDRI,"2019-07-24 16:25:33"
197804,"Thinkpad T430",Notebook,"i5 3230M,3210M,3320M@3.3GHz",209.9,B01LXCLDRI,"2019-07-24 16:27:14"
197739,"Thinkpad T420",Notebook,"i5 2410M,2540M,2520M@2.53GHz",212.86,B00W4AMWCI,"2019-07-24 16:29:42"
196660,"Thinkpad T420",Notebook,"i5 2410M,2540M,2520M@2.53GHz",212.86,B00W4AMWCI,"2019-07-24 16:46:16"
197745,"Thinkpad T420",Notebook,"i5 2410M,2540M,2520M@2.53GHz",212.86,B00W4AMWCI,"2019-07-24 16:47:32"
197744,"Thinkpad T420",Notebook,"i5 2410M,2540M,2520M@2.53GHz",212.86,B00W4AMWCI,"2019-07-24 16:48:03"
198069,"Thinkpad T420",Notebook,"i5 2410M,2540M,2520M@2.53GHz",212.86,B00W4AMWCI,"2019-07-24 16:48:34"
197738,"Thinkpad T420",Notebook,"i5 2410M,2540M,2520M@2.53GHz",212.86,B00W4AMWCI,"2019-07-24 16:50:04"
197747,"Thinkpad T420",Notebook,"i5 2410M,2540M,2520M@2.53GHz",212.86,B00W4AMWCI,"2019-07-24 16:50:37"
197746,"Thinkpad T420",Notebook,"i5 2410M,2540M,2520M@2.53GHz",212.86,B00W4AMWCI,"2019-07-24 16:53:41"
197723,"Thinkpad T420",Notebook,"i5 2410M,2540M,2520M@2.53GHz",212.86,B00W4AMWCI,"2019-07-24 16:54:17"
197806,"Thinkpad T420",Notebook,"i5 2410M,2540M,2520M@2.53GHz",212.86,B00W4AMWCI,"2019-07-24 16:54:52"
198064,"Thinkpad T420",Notebook,"i5 2410M,2540M,2520M@2.53GHz",212.86,B00W4AMWCI,"2019-07-24 16:56:59"
197718,"Thinkpad T430",Notebook,"i5 3230M,3210M,3320M@3.3GHz",209.9,B01LXCLDRI,"2019-07-24 17:36:26"
198068,"Thinkpad T420",Notebook,"i5 2410M,2540M,2520M@2.53GHz",212.86,B00W4AMWCI,"2019-07-24 17:40:06"
197743,"Thinkpad T420",Notebook,"i5 2410M,2540M,2520M@2.53GHz",212.86,B00W4AMWCI,"2019-07-24 17:42:07"
198110,"Thinkpad T420",Notebook,"i5 2410M,2540M,2520M@2.53GHz",212.86,B00W4AMWCI,"2019-07-24 17:42:44"
197807,"Thinkpad T420",Notebook,"i5 2410M,2540M,2520M@2.53GHz",212.86,B00W4AMWCI,"2019-07-24 17:43:42"
198067,"Thinkpad T420",Notebook,"i5 2410M,2540M,2520M@2.53GHz",212.86,B00W4AMWCI,"2019-07-24 17:44:49"
197815,"Thinkpad T420",Notebook,"i5 2410M,2540M,2520M@2.53GHz",212.86,B00W4AMWCI,"2019-07-24 17:45:22"
197709,"Thinkpad T420",Notebook,"i5 2410M,2540M,2520M@2.53GHz",212.86,B00W4AMWCI,"2019-07-24 17:45:52"
197726,"Thinkpad T420",Notebook,"i5 2410M,2540M,2520M@2.53GHz",212.86,B00W4AMWCI,"2019-07-24 17:46:20"
194742,"Latitude E6430",Notebook,"i5 Null@2.6GHz",194.99,B01LX4PE0S,"2019-07-24 19:35:06"
201622,"Optiplex 7010","Small Form Factor","i5 3470,3570,3550,3475S,3570@3.2GHz",156.99,B01HSDJFFM,"2019-07-25 14:26:36"
201597,"Optiplex 7010","Small Form Factor","i5 3470,3570,3550,3475S,3570@3.2GHz",156.99,B01HSDJFFM,"2019-07-25 14:27:03"
201619,"Optiplex 7010","Small Form Factor","i5 3470,3570,3550,3475S,3570@3.2GHz",156.99,B01HSDJFFM,"2019-07-25 14:27:51"
201572,"Optiplex 7010","Small Form Factor","i5 3470,3570,3550,3475S,3570@3.2GHz",156.99,B01HSDJFFM,"2019-07-25 14:28:16"
201575,"Optiplex 7010","Small Form Factor","i5 3470,3570,3550,3475S,3570@3.2GHz",156.99,B01HSDJFFM,"2019-07-25 14:28:59"
201565,"Optiplex 7010","Small Form Factor","i5 3470,3570,3550,3475S,3570@3.2GHz",156.99,B01HSDJFFM,"2019-07-25 14:29:23"
201582,"Optiplex 7010","Small Form Factor","i5 3470,3570,3550,3475S,3570@3.2GHz",156.99,B01HSDJFFM,"2019-07-25 14:29:55"
201584,"Optiplex 7010","Small Form Factor","i5 3470,3570,3550,3475S,3570@3.2GHz",156.99,B01HSDJFFM,"2019-07-25 14:30:17"
201608,"Optiplex 7010","Small Form Factor","i5 3470,3570,3550,3475S,3570@3.2GHz",156.99,B01HSDJFFM,"2019-07-25 14:30:40"
201606,"Optiplex 7010","Small Form Factor","i5 3470,3570,3550,3475S,3570@3.2GHz",156.99,B01HSDJFFM,"2019-07-25 14:31:04"
201615,"Optiplex 7010","Small Form Factor","i5 3470,3570,3550,3475S,3570@3.2GHz",156.99,B01HSDJFFM,"2019-07-25 14:31:37"
201602,"Optiplex 7010","Small Form Factor","i5 3470,3570,3550,3475S,3570@3.2GHz",156.99,B01HSDJFFM,"2019-07-25 14:34:29"
201599,"Optiplex 7010","Small Form Factor","i5 3470,3570,3550,3475S,3570@3.2GHz",156.99,B01HSDJFFM,"2019-07-25 14:34:53"
201601,"Optiplex 7010","Small Form Factor","i5 3470,3570,3550,3475S,3570@3.2GHz",156.99,B01HSDJFFM,"2019-07-25 14:35:19"
201620,"Optiplex 7010","Small Form Factor","i5 3470,3570,3550,3475S,3570@3.2GHz",156.99,B01HSDJFFM,"2019-07-25 14:35:46"
201579,"Optiplex 7010","Small Form Factor","i5 3470,3570,3550,3475S,3570@3.2GHz",156.99,B01HSDJFFM,"2019-07-25 14:36:10"
201614,"Optiplex 7010","Small Form Factor","i5 3470,3570,3550,3475S,3570@3.2GHz",156.99,B01HSDJFFM,"2019-07-25 14:39:17"
201577,"Optiplex 7010","Small Form Factor","i5 3470,3570,3550,3475S,3570@3.2GHz",156.99,B01HSDJFFM,"2019-07-25 14:39:57"
201581,"Optiplex 7010","Small Form Factor","i5 3470,3570,3550,3475S,3570@3.2GHz",156.99,B01HSDJFFM,"2019-07-25 14:40:21"
201621,"Optiplex 7010","Small Form Factor","i5 3470,3570,3550,3475S,3570@3.2GHz",156.99,B01HSDJFFM,"2019-07-25 14:40:45"
201583,"Optiplex 7010","Small Form Factor","i5 3470,3570,3550,3475S,3570@3.2GHz",156.99,B01HSDJFFM,"2019-07-25 14:41:09"
201610,"Optiplex 7010","Small Form Factor","i5 3470,3570,3550,3475S,3570@3.2GHz",156.99,B01HSDJFFM,"2019-07-25 14:41:33"
201574,"Optiplex 7010","Small Form Factor","i5 3470,3570,3550,3475S,3570@3.2GHz",156.99,B01HSDJFFM,"2019-07-25 14:41:59"
201607,"Optiplex 7010","Small Form Factor","i5 3470,3570,3550,3475S,3570@3.2GHz",156.99,B01HSDJFFM,"2019-07-25 14:42:22"
201605,"Optiplex 7010","Small Form Factor","i5 3470,3570,3550,3475S,3570@3.2GHz",156.99,B01HSDJFFM,"2019-07-25 14:42:46"
198005,"ThinkPad T440",Notebook,"i5 4300U@1.9GHz",279.99,B07CTTW8HR,"2019-07-25 19:34:22"
197996,"ThinkPad T440",Notebook,"i5 4300U@1.9GHz",279.99,B07CTTW8HR,"2019-07-25 20:17:09"
197990,"ThinkPad T440",Notebook,"i5 4300U@1.9GHz",279.99,B07CTTW8HR,"2019-07-25 20:17:41"
197995,"ThinkPad T440",Notebook,"i5 4300U@1.9GHz",279.99,B07CTTW8HR,"2019-07-25 20:18:19"
197969,"ThinkPad T440",Notebook,"i5 4300U@1.9GHz",279.99,B07CTTW8HR,"2019-07-25 20:20:02"
197963,"ThinkPad T440",Notebook,"i5 4300U@1.9GHz",279.99,B07CTTW8HR,"2019-07-25 20:21:46"
197998,"ThinkPad T440",Notebook,"i5 4300U@1.9GHz",279.99,B07CTTW8HR,"2019-07-25 20:22:52"
198009,"ThinkPad T440",Notebook,"i5 4300U@1.9GHz",279.99,B07CTTW8HR,"2019-07-25 20:23:25"
197988,"ThinkPad T440",Notebook,"i5 4300U@1.9GHz",279.99,B07CTTW8HR,"2019-07-25 20:24:00"
197971,"ThinkPad T440",Notebook,"i5 4300U@1.9GHz",279.99,B07CTTW8HR,"2019-07-25 20:29:33"
199419,"ThinkPad T440",Notebook,"i5 4300U@1.9GHz",279.99,B07CTTW8HR,"2019-07-25 20:29:59"
199779,"ThinkPad T440",Notebook,"i5 4300U@1.9GHz",279.99,B07CTTW8HR,"2019-07-25 20:30:32"
199413,"ThinkPad T440",Notebook,"i5 4300U@1.9GHz",279.99,B07CTTW8HR,"2019-07-25 20:33:08"
197972,"ThinkPad T440",Notebook,"i5 4300U@1.9GHz",279.99,B07CTTW8HR,"2019-07-25 20:33:43"
197975,"ThinkPad T440",Notebook,"i5 4300U@1.9GHz",279.99,B07CTTW8HR,"2019-07-25 20:35:43"
197961,"ThinkPad T440",Notebook,"i5 4300U@1.9GHz",279.99,B07CTTW8HR,"2019-07-25 20:36:27"
199412,"ThinkPad T440",Notebook,"i5 4300U@1.9GHz",279.99,B07CTTW8HR,"2019-07-25 20:36:57"
199782,"ThinkPad T440",Notebook,"i5 4300U@1.9GHz",279.99,B07CTTW8HR,"2019-07-25 20:37:28"
199415,"ThinkPad T440",Notebook,"i5 4300U@1.9GHz",279.99,B07CTTW8HR,"2019-07-25 20:38:08"
199797,"ThinkPad T440",Notebook,"i5 4300U@1.9GHz",279.99,B07CTTW8HR,"2019-07-25 20:38:42"
199787,"ThinkPad T440",Notebook,"i5 4300U@1.9GHz",279.99,B07CTTW8HR,"2019-07-25 21:11:20"
199475,"ThinkPad T440",Notebook,"i5 4300U@1.9GHz",279.99,B07CTTW8HR,"2019-07-25 21:11:56"
199841,"ThinkPad T440",Notebook,"i5 4300U@1.9GHz",279.99,B07CTTW8HR,"2019-07-25 21:12:27"
199483,"ThinkPad T440",Notebook,"i5 4300U@1.9GHz",279.99,B07CTTW8HR,"2019-07-25 21:12:58"
199481,"ThinkPad T440",Notebook,"i5 4300U@1.9GHz",279.99,B07CTTW8HR,"2019-07-25 21:13:28"
199835,"ThinkPad T440",Notebook,"i5 4300U@1.9GHz",279.99,B07CTTW8HR,"2019-07-25 21:13:55"
199482,"ThinkPad T440",Notebook,"i5 4300U@1.9GHz",279.99,B07CTTW8HR,"2019-07-25 21:22:42"
199477,"ThinkPad T440",Notebook,"i5 4300U@1.9GHz",279.99,B07CTTW8HR,"2019-07-25 21:23:23"
199416,"ThinkPad T440",Notebook,"i5 4300U@1.9GHz",279.99,B07CTTW8HR,"2019-07-25 21:23:48"
199461,"ThinkPad T440",Notebook,"i5 4300U@1.9GHz",279.99,B07CTTW8HR,"2019-07-25 21:24:20"
199784,"ThinkPad T440",Notebook,"i5 4300U@1.9GHz",279.99,B07CTTW8HR,"2019-07-25 21:24:50"
199463,"ThinkPad T440",Notebook,"i5 4300U@1.9GHz",279.99,B07CTTW8HR,"2019-07-25 21:25:22"
199476,"ThinkPad T440",Notebook,"i5 4300U@1.9GHz",279.99,B07CTTW8HR,"2019-07-25 21:27:55"
199842,"ThinkPad T440",Notebook,"i5 4300U@1.9GHz",279.99,B07CTTW8HR,"2019-07-25 21:28:28"
199479,"ThinkPad T440",Notebook,"i5 4300U@1.9GHz",279.99,B07CTTW8HR,"2019-07-25 21:28:54"
199780,"ThinkPad T440",Notebook,"i5 4300U@1.9GHz",279.99,B07CTTW8HR,"2019-07-25 21:29:28"
199418,"ThinkPad T440",Notebook,"i5 4300U@1.9GHz",279.99,B07CTTW8HR,"2019-07-25 21:29:58"
199804,"ThinkPad T440",Notebook,"i5 4300U@1.9GHz",279.99,B07CTTW8HR,"2019-07-25 21:31:44"
199852,"ThinkPad T440",Notebook,"i5 4300U@1.9GHz",279.99,B07CTTW8HR,"2019-07-25 21:32:46"
199808,"ThinkPad T440",Notebook,"i5 4300U@1.9GHz",279.99,B07CTTW8HR,"2019-07-25 21:33:41"
199855,"ThinkPad T440",Notebook,"i5 4300U@1.9GHz",279.99,B07CTTW8HR,"2019-07-25 21:34:56"
199466,"ThinkPad T440",Notebook,"i5 4300U@1.9GHz",279.99,B07CTTW8HR,"2019-07-25 21:38:37"
199462,"ThinkPad T440",Notebook,"i5 4300U@1.9GHz",279.99,B07CTTW8HR,"2019-07-25 21:39:16"
199459,"ThinkPad T440",Notebook,"i5 4300U@1.9GHz",279.99,B07CTTW8HR,"2019-07-25 21:45:15"
199848,"ThinkPad T440",Notebook,"i5 4300U@1.9GHz",279.99,B07CTTW8HR,"2019-07-25 21:46:59"
199849,"ThinkPad T440",Notebook,"i5 4300U@1.9GHz",279.99,B07CTTW8HR,"2019-07-25 21:47:30"
199850,"ThinkPad T440",Notebook,"i5 4300U@1.9GHz",279.99,B07CTTW8HR,"2019-07-25 21:48:05"
198010,"ThinkPad T440",Notebook,"i5 4300U@1.9GHz",279.99,B07CTTW8HR,"2019-07-25 22:20:18"
197987,"Thinkpad T430",Notebook,"i5 3230M,3210M,3320M@3.3GHz",209.9,B01LXCLDRI,"2019-07-26 17:13:23"
199853,"ThinkPad T440",Notebook,"i5 4300U@1.9GHz",279.99,B07CTTW8HR,"2019-07-26 17:26:58"
198004,"ThinkPad T450S",Notebook,"i5 5300U@2.3GHz",319.99,B07HHCGJSY,"2019-07-26 17:57:36"
199828,"ThinkPad T440",Notebook,"i5 4300U@1.9GHz",279.99,B07CTTW8HR,"2019-07-26 20:32:07"
199821,"ThinkPad T440",Notebook,"i5 4300U@1.9GHz",279.99,B07CTTW8HR,"2019-07-26 20:33:00"
199820,"ThinkPad T440",Notebook,"i5 4300U@1.9GHz",279.99,B07CTTW8HR,"2019-07-26 20:33:59"
199824,"ThinkPad T440",Notebook,"i5 4300U@1.9GHz",279.99,B07CTTW8HR,"2019-07-26 20:34:55"
199822,"ThinkPad T440",Notebook,"i5 4300U@1.9GHz",279.99,B07CTTW8HR,"2019-07-26 20:36:02"
197962,"ThinkPad T440",Notebook,"i5 4300U@1.9GHz",279.99,B07CTTW8HR,"2019-07-26 21:35:00"
197960,"ThinkPad T440",Notebook,"i5 4300U@1.9GHz",279.99,B07CTTW8HR,"2019-07-26 21:36:17"
197986,"ThinkPad T440",Notebook,"i5 4300U@1.9GHz",279.99,B07CTTW8HR,"2019-07-26 21:36:54"
199826,"ThinkPad T440",Notebook,"i5 4300U@1.9GHz",279.99,B07CTTW8HR,"2019-07-26 21:37:32"
199770,"ThinkPad T440",Notebook,"i5 4300U@1.9GHz",279.99,B07CTTW8HR,"2019-07-26 21:38:33"
199414,"ThinkPad T440",Notebook,"i5 4300U@1.9GHz",279.99,B07CTTW8HR,"2019-07-26 21:40:31"
203455,"ProDesk 600 G1","Small Form Factor","i3 4130,4160@3.4GHz",149.89,B077MSZ9P3,"2019-07-29 15:19:05"
201458,"Optiplex 7010","Small Form Factor","i5 3470,3570,3550,3475S,3570@3.2GHz",156.99,B01HSDJFFM,"2019-07-29 15:38:26"
201449,"Optiplex 7010","Small Form Factor","i5 3470,3570,3550,3475S,3570@3.2GHz",156.99,B01HSDJFFM,"2019-07-29 15:39:40"
201456,"Optiplex 7010","Small Form Factor","i5 3470,3570,3550,3475S,3570@3.2GHz",156.99,B01HSDJFFM,"2019-07-29 15:42:12"
201598,"Optiplex 7010","Small Form Factor","i5 3470,3570,3550,3475S,3570@3.2GHz",156.99,B01HSDJFFM,"2019-07-29 15:43:11"
201616,"Optiplex 7010","Small Form Factor","i5 3470,3570,3550,3475S,3570@3.2GHz",156.99,B01HSDJFFM,"2019-07-29 15:44:01"
201570,"Optiplex 7010","Small Form Factor","i5 3470,3570,3550,3475S,3570@3.2GHz",156.99,B01HSDJFFM,"2019-07-29 15:45:36"
201571,"Optiplex 7010","Small Form Factor","i5 3470,3570,3550,3475S,3570@3.2GHz",156.99,B01HSDJFFM,"2019-07-29 15:46:19"
